site,year,transect,species,SCTLD_suscep,count
cbc30c,2019,1,Ag fragilis,low,0
cbc30c,2019,1,Ag. agaricites,low,74
cbc30c,2019,1,Ag. tenuifolia,low,12
cbc30c,2019,1,Colpo. natans,high,0
cbc30c,2019,1,Dichocoenia ,very high,6
cbc30c,2019,1,Dipl. clivosa,high,0
cbc30c,2019,1,Dipl. labyrinth.,high,0
cbc30c,2019,1,Dipl. strigosa,high,8
cbc30c,2019,1,Eusmilia fast.,very high,0
cbc30c,2019,1,Favia fragum,low,0
cbc30c,2019,1,Helio cuc.,low,0
cbc30c,2019,1,Isophyllia,low,0
cbc30c,2019,1,M. cavernosa,med,8
cbc30c,2019,1,Madracis decac.,low,0
cbc30c,2019,1,Madracis mir.,low,0
cbc30c,2019,1,Meandrina mea.,very high,2
cbc30c,2019,1,Mycetophyllia,low,0
cbc30c,2019,1,Orbicella spp.,med,1
cbc30c,2019,1,P. astreoides,low,45
cbc30c,2019,1,P. porites,low,27
cbc30c,2019,1,Sid. radians,low,2
cbc30c,2019,1,Sid. siderea,med,90
cbc30c,2019,1,Stephanocoenia,med,5
cbc30c,2019,2,Ag fragilis,low,0
cbc30c,2019,2,Ag. agaricites,low,75
cbc30c,2019,2,Ag. tenuifolia,low,36
cbc30c,2019,2,Colpo. natans,high,0
cbc30c,2019,2,Dichocoenia ,very high,1
cbc30c,2019,2,Dipl. clivosa,high,0
cbc30c,2019,2,Dipl. labyrinth.,high,0
cbc30c,2019,2,Dipl. strigosa,high,3
cbc30c,2019,2,Eusmilia fast.,very high,1
cbc30c,2019,2,Favia fragum,low,0
cbc30c,2019,2,Helio cuc.,low,2
cbc30c,2019,2,Isophyllia,low,0
cbc30c,2019,2,M. cavernosa,med,5
cbc30c,2019,2,Madracis decac.,low,0
cbc30c,2019,2,Madracis mir.,low,3
cbc30c,2019,2,Meandrina mea.,very high,1
cbc30c,2019,2,Mycetophyllia,low,0
cbc30c,2019,2,Orbicella spp.,med,8
cbc30c,2019,2,P. astreoides,low,63
cbc30c,2019,2,P. porites,low,44
cbc30c,2019,2,Sid. radians,low,0
cbc30c,2019,2,Sid. siderea,med,48
cbc30c,2019,2,Stephanocoenia,med,6
cbc30c,2022,1,Ag fragilis,low,0
cbc30c,2022,1,Ag. agaricites,low,61
cbc30c,2022,1,Ag. tenuifolia,low,27
cbc30c,2022,1,Colpo. natans,high,0
cbc30c,2022,1,Dichocoenia ,very high,0
cbc30c,2022,1,Dipl. clivosa,high,0
cbc30c,2022,1,Dipl. labyrinth.,high,1
cbc30c,2022,1,Dipl. strigosa,high,0
cbc30c,2022,1,Eusmilia fast.,very high,0
cbc30c,2022,1,Favia fragum,low,0
cbc30c,2022,1,Helio cuc.,low,0
cbc30c,2022,1,Isophyllia,low,0
cbc30c,2022,1,M. cavernosa,med,1
cbc30c,2022,1,Madracis decac.,low,0
cbc30c,2022,1,Madracis mir.,low,0
cbc30c,2022,1,Meandrina mea.,very high,0
cbc30c,2022,1,Mycetophyllia,low,0
cbc30c,2022,1,Orbicella spp.,med,9
cbc30c,2022,1,P. astreoides,low,60
cbc30c,2022,1,P. porites,low,32
cbc30c,2022,1,Sid. radians,low,3
cbc30c,2022,1,Sid. siderea,med,29
cbc30c,2022,1,Stephanocoenia,med,2
cbc30c,2022,2,Ag fragilis,low,0
cbc30c,2022,2,Ag. agaricites,low,64
cbc30c,2022,2,Ag. tenuifolia,low,36
cbc30c,2022,2,Colpo. natans,high,0
cbc30c,2022,2,Dichocoenia ,very high,0
cbc30c,2022,2,Dipl. clivosa,high,0
cbc30c,2022,2,Dipl. labyrinth.,high,2
cbc30c,2022,2,Dipl. strigosa,high,4
cbc30c,2022,2,Eusmilia fast.,very high,0
cbc30c,2022,2,Favia fragum,low,0
cbc30c,2022,2,Helio cuc.,low,3
cbc30c,2022,2,Isophyllia,low,0
cbc30c,2022,2,M. cavernosa,med,1
cbc30c,2022,2,Madracis decac.,low,0
cbc30c,2022,2,Madracis mir.,low,0
cbc30c,2022,2,Meandrina mea.,very high,0
cbc30c,2022,2,Mycetophyllia,low,0
cbc30c,2022,2,Orbicella spp.,med,5
cbc30c,2022,2,P. astreoides,low,45
cbc30c,2022,2,P. porites,low,11
cbc30c,2022,2,Sid. radians,low,1
cbc30c,2022,2,Sid. siderea,med,20
cbc30c,2022,2,Stephanocoenia,med,4
cbc30c,2024,1,Ag fragilis,low,0
cbc30c,2024,1,Ag. agaricites,low,6
cbc30c,2024,1,Ag. tenuifolia,low,1
cbc30c,2024,1,Colpo. natans,high,0
cbc30c,2024,1,Dichocoenia ,very high,1
cbc30c,2024,1,Dipl. clivosa,high,0
cbc30c,2024,1,Dipl. labyrinth.,high,0
cbc30c,2024,1,Dipl. strigosa,high,0
cbc30c,2024,1,Eusmilia fast.,very high,0
cbc30c,2024,1,Favia fragum,low,0
cbc30c,2024,1,Helio cuc.,low,0
cbc30c,2024,1,Isophyllia,low,1
cbc30c,2024,1,M. cavernosa,med,1
cbc30c,2024,1,Madracis decac.,low,0
cbc30c,2024,1,Madracis mir.,low,0
cbc30c,2024,1,Meandrina mea.,very high,0
cbc30c,2024,1,Mycetophyllia,low,0
cbc30c,2024,1,Orbicella spp.,med,0
cbc30c,2024,1,P. astreoides,low,40
cbc30c,2024,1,P. porites,low,0
cbc30c,2024,1,Sid. radians,low,0
cbc30c,2024,1,Sid. siderea,med,13
cbc30c,2024,1,Stephanocoenia,med,4
cbc30c,2024,2,Ag fragilis,low,0
cbc30c,2024,2,Ag. agaricites,low,10
cbc30c,2024,2,Ag. tenuifolia,low,1
cbc30c,2024,2,Colpo. natans,high,0
cbc30c,2024,2,Dichocoenia ,very high,0
cbc30c,2024,2,Dipl. clivosa,high,0
cbc30c,2024,2,Dipl. labyrinth.,high,1
cbc30c,2024,2,Dipl. strigosa,high,0
cbc30c,2024,2,Eusmilia fast.,very high,0
cbc30c,2024,2,Favia fragum,low,0
cbc30c,2024,2,Helio cuc.,low,0
cbc30c,2024,2,Isophyllia,low,0
cbc30c,2024,2,M. cavernosa,med,0
cbc30c,2024,2,Madracis decac.,low,0
cbc30c,2024,2,Madracis mir.,low,0
cbc30c,2024,2,Meandrina mea.,very high,0
cbc30c,2024,2,Mycetophyllia,low,0
cbc30c,2024,2,Orbicella spp.,med,2
cbc30c,2024,2,P. astreoides,low,16
cbc30c,2024,2,P. porites,low,0
cbc30c,2024,2,Sid. radians,low,0
cbc30c,2024,2,Sid. siderea,med,12
cbc30c,2024,2,Stephanocoenia,med,3
cbc30n,2019,1,Ag fragilis,low,0
cbc30n,2019,1,Ag. agaricites,low,61
cbc30n,2019,1,Ag. tenuifolia,low,20
cbc30n,2019,1,Colpo. natans,high,0
cbc30n,2019,1,Dichocoenia ,very high,3
cbc30n,2019,1,Dipl. clivosa,high,1
cbc30n,2019,1,Dipl. labyrinth.,high,0
cbc30n,2019,1,Dipl. strigosa,high,4
cbc30n,2019,1,Eusmilia fast.,very high,1
cbc30n,2019,1,Favia fragum,low,0
cbc30n,2019,1,Helio cuc.,low,0
cbc30n,2019,1,Isophyllia,low,0
cbc30n,2019,1,M. cavernosa,med,6
cbc30n,2019,1,Madracis decac.,low,3
cbc30n,2019,1,Madracis mir.,low,0
cbc30n,2019,1,Meandrina mea.,very high,1
cbc30n,2019,1,Mycetophyllia,low,0
cbc30n,2019,1,Orbicella spp.,med,5
cbc30n,2019,1,P. astreoides,low,74
cbc30n,2019,1,P. porites,low,5
cbc30n,2019,1,Sid. radians,low,0
cbc30n,2019,1,Sid. siderea,med,45
cbc30n,2019,1,Stephanocoenia,med,8
cbc30n,2019,2,Ag fragilis,low,0
cbc30n,2019,2,Ag. agaricites,low,95
cbc30n,2019,2,Ag. tenuifolia,low,21
cbc30n,2019,2,Colpo. natans,high,0
cbc30n,2019,2,Dichocoenia ,very high,0
cbc30n,2019,2,Dipl. clivosa,high,0
cbc30n,2019,2,Dipl. labyrinth.,high,0
cbc30n,2019,2,Dipl. strigosa,high,8
cbc30n,2019,2,Eusmilia fast.,very high,1
cbc30n,2019,2,Favia fragum,low,0
cbc30n,2019,2,Helio cuc.,low,1
cbc30n,2019,2,Isophyllia,low,0
cbc30n,2019,2,M. cavernosa,med,6
cbc30n,2019,2,Madracis decac.,low,0
cbc30n,2019,2,Madracis mir.,low,0
cbc30n,2019,2,Meandrina mea.,very high,2
cbc30n,2019,2,Mycetophyllia,low,0
cbc30n,2019,2,Orbicella spp.,med,17
cbc30n,2019,2,P. astreoides,low,47
cbc30n,2019,2,P. porites,low,10
cbc30n,2019,2,Sid. radians,low,0
cbc30n,2019,2,Sid. siderea,med,63
cbc30n,2019,2,Stephanocoenia,med,10
cbc30n,2022,1,Ag fragilis,low,0
cbc30n,2022,1,Ag. agaricites,low,43
cbc30n,2022,1,Ag. tenuifolia,low,23
cbc30n,2022,1,Colpo. natans,high,0
cbc30n,2022,1,Dichocoenia ,very high,0
cbc30n,2022,1,Dipl. clivosa,high,0
cbc30n,2022,1,Dipl. labyrinth.,high,0
cbc30n,2022,1,Dipl. strigosa,high,0
cbc30n,2022,1,Eusmilia fast.,very high,0
cbc30n,2022,1,Favia fragum,low,0
cbc30n,2022,1,Helio cuc.,low,0
cbc30n,2022,1,Isophyllia,low,0
cbc30n,2022,1,M. cavernosa,med,2
cbc30n,2022,1,Madracis decac.,low,3
cbc30n,2022,1,Madracis mir.,low,0
cbc30n,2022,1,Meandrina mea.,very high,0
cbc30n,2022,1,Mycetophyllia,low,0
cbc30n,2022,1,Orbicella spp.,med,6
cbc30n,2022,1,P. astreoides,low,59
cbc30n,2022,1,P. porites,low,8
cbc30n,2022,1,Sid. radians,low,1
cbc30n,2022,1,Sid. siderea,med,25
cbc30n,2022,1,Stephanocoenia,med,9
cbc30n,2022,2,Ag fragilis,low,0
cbc30n,2022,2,Ag. agaricites,low,104
cbc30n,2022,2,Ag. tenuifolia,low,11
cbc30n,2022,2,Colpo. natans,high,0
cbc30n,2022,2,Dichocoenia ,very high,1
cbc30n,2022,2,Dipl. clivosa,high,0
cbc30n,2022,2,Dipl. labyrinth.,high,0
cbc30n,2022,2,Dipl. strigosa,high,5
cbc30n,2022,2,Eusmilia fast.,very high,0
cbc30n,2022,2,Favia fragum,low,0
cbc30n,2022,2,Helio cuc.,low,2
cbc30n,2022,2,Isophyllia,low,0
cbc30n,2022,2,M. cavernosa,med,3
cbc30n,2022,2,Madracis decac.,low,1
cbc30n,2022,2,Madracis mir.,low,0
cbc30n,2022,2,Meandrina mea.,very high,0
cbc30n,2022,2,Mycetophyllia,low,0
cbc30n,2022,2,Orbicella spp.,med,16
cbc30n,2022,2,P. astreoides,low,66
cbc30n,2022,2,P. porites,low,10
cbc30n,2022,2,Sid. radians,low,0
cbc30n,2022,2,Sid. siderea,med,25
cbc30n,2022,2,Stephanocoenia,med,13
cbc30n,2024,1,Ag fragilis,low,0
cbc30n,2024,1,Ag. agaricites,low,1
cbc30n,2024,1,Ag. tenuifolia,low,0
cbc30n,2024,1,Colpo. natans,high,0
cbc30n,2024,1,Dichocoenia ,very high,1
cbc30n,2024,1,Dipl. clivosa,high,0
cbc30n,2024,1,Dipl. labyrinth.,high,1
cbc30n,2024,1,Dipl. strigosa,high,0
cbc30n,2024,1,Eusmilia fast.,very high,0
cbc30n,2024,1,Favia fragum,low,0
cbc30n,2024,1,Helio cuc.,low,0
cbc30n,2024,1,Isophyllia,low,0
cbc30n,2024,1,M. cavernosa,med,1
cbc30n,2024,1,Madracis decac.,low,0
cbc30n,2024,1,Madracis mir.,low,0
cbc30n,2024,1,Meandrina mea.,very high,0
cbc30n,2024,1,Mycetophyllia,low,0
cbc30n,2024,1,Orbicella spp.,med,5
cbc30n,2024,1,P. astreoides,low,46
cbc30n,2024,1,P. porites,low,1
cbc30n,2024,1,Sid. radians,low,0
cbc30n,2024,1,Sid. siderea,med,4
cbc30n,2024,1,Stephanocoenia,med,9
cbc30n,2024,2,Ag fragilis,low,0
cbc30n,2024,2,Ag. agaricites,low,8
cbc30n,2024,2,Ag. tenuifolia,low,3
cbc30n,2024,2,Colpo. natans,high,0
cbc30n,2024,2,Dichocoenia ,very high,0
cbc30n,2024,2,Dipl. clivosa,high,0
cbc30n,2024,2,Dipl. labyrinth.,high,1
cbc30n,2024,2,Dipl. strigosa,high,0
cbc30n,2024,2,Eusmilia fast.,very high,0
cbc30n,2024,2,Favia fragum,low,0
cbc30n,2024,2,Helio cuc.,low,0
cbc30n,2024,2,Isophyllia,low,0
cbc30n,2024,2,M. cavernosa,med,3
cbc30n,2024,2,Madracis decac.,low,0
cbc30n,2024,2,Madracis mir.,low,0
cbc30n,2024,2,Meandrina mea.,very high,0
cbc30n,2024,2,Mycetophyllia,low,0
cbc30n,2024,2,Orbicella spp.,med,4
cbc30n,2024,2,P. astreoides,low,31
cbc30n,2024,2,P. porites,low,7
cbc30n,2024,2,Sid. radians,low,0
cbc30n,2024,2,Sid. siderea,med,13
cbc30n,2024,2,Stephanocoenia,med,4
cbc30s,2019,1,Ag fragilis,low,0
cbc30s,2019,1,Ag. agaricites,low,74
cbc30s,2019,1,Ag. tenuifolia,low,10
cbc30s,2019,1,Colpo. natans,high,0
cbc30s,2019,1,Dichocoenia ,very high,4
cbc30s,2019,1,Dipl. clivosa,high,1
cbc30s,2019,1,Dipl. labyrinth.,high,0
cbc30s,2019,1,Dipl. strigosa,high,7
cbc30s,2019,1,Eusmilia fast.,very high,1
cbc30s,2019,1,Favia fragum,low,0
cbc30s,2019,1,Helio cuc.,low,7
cbc30s,2019,1,Isophyllia,low,0
cbc30s,2019,1,M. cavernosa,med,9
cbc30s,2019,1,Madracis decac.,low,5
cbc30s,2019,1,Madracis mir.,low,0
cbc30s,2019,1,Meandrina mea.,very high,2
cbc30s,2019,1,Mycetophyllia,low,0
cbc30s,2019,1,Orbicella spp.,med,14
cbc30s,2019,1,P. astreoides,low,52
cbc30s,2019,1,P. porites,low,16
cbc30s,2019,1,Sid. radians,low,0
cbc30s,2019,1,Sid. siderea,med,83
cbc30s,2019,1,Stephanocoenia,med,20
cbc30s,2019,2,Ag fragilis,low,0
cbc30s,2019,2,Ag. agaricites,low,62
cbc30s,2019,2,Ag. tenuifolia,low,2
cbc30s,2019,2,Colpo. natans,high,0
cbc30s,2019,2,Dichocoenia ,very high,3
cbc30s,2019,2,Dipl. clivosa,high,0
cbc30s,2019,2,Dipl. labyrinth.,high,0
cbc30s,2019,2,Dipl. strigosa,high,4
cbc30s,2019,2,Eusmilia fast.,very high,0
cbc30s,2019,2,Favia fragum,low,0
cbc30s,2019,2,Helio cuc.,low,3
cbc30s,2019,2,Isophyllia,low,0
cbc30s,2019,2,M. cavernosa,med,9
cbc30s,2019,2,Madracis decac.,low,3
cbc30s,2019,2,Madracis mir.,low,0
cbc30s,2019,2,Meandrina mea.,very high,3
cbc30s,2019,2,Mycetophyllia,low,0
cbc30s,2019,2,Orbicella spp.,med,6
cbc30s,2019,2,P. astreoides,low,29
cbc30s,2019,2,P. porites,low,28
cbc30s,2019,2,Sid. radians,low,0
cbc30s,2019,2,Sid. siderea,med,59
cbc30s,2019,2,Stephanocoenia,med,7
cbc30s,2022,1,Ag fragilis,low,0
cbc30s,2022,1,Ag. agaricites,low,32
cbc30s,2022,1,Ag. tenuifolia,low,16
cbc30s,2022,1,Colpo. natans,high,0
cbc30s,2022,1,Dichocoenia ,very high,0
cbc30s,2022,1,Dipl. clivosa,high,0
cbc30s,2022,1,Dipl. labyrinth.,high,0
cbc30s,2022,1,Dipl. strigosa,high,1
cbc30s,2022,1,Eusmilia fast.,very high,0
cbc30s,2022,1,Favia fragum,low,0
cbc30s,2022,1,Helio cuc.,low,0
cbc30s,2022,1,Isophyllia,low,0
cbc30s,2022,1,M. cavernosa,med,3
cbc30s,2022,1,Madracis decac.,low,0
cbc30s,2022,1,Madracis mir.,low,0
cbc30s,2022,1,Meandrina mea.,very high,0
cbc30s,2022,1,Mycetophyllia,low,0
cbc30s,2022,1,Orbicella spp.,med,7
cbc30s,2022,1,P. astreoides,low,27
cbc30s,2022,1,P. porites,low,10
cbc30s,2022,1,Sid. radians,low,0
cbc30s,2022,1,Sid. siderea,med,34
cbc30s,2022,1,Stephanocoenia,med,11
cbc30s,2022,2,Ag fragilis,low,0
cbc30s,2022,2,Ag. agaricites,low,43
cbc30s,2022,2,Ag. tenuifolia,low,2
cbc30s,2022,2,Colpo. natans,high,0
cbc30s,2022,2,Dichocoenia ,very high,0
cbc30s,2022,2,Dipl. clivosa,high,0
cbc30s,2022,2,Dipl. labyrinth.,high,1
cbc30s,2022,2,Dipl. strigosa,high,0
cbc30s,2022,2,Eusmilia fast.,very high,0
cbc30s,2022,2,Favia fragum,low,0
cbc30s,2022,2,Helio cuc.,low,0
cbc30s,2022,2,Isophyllia,low,0
cbc30s,2022,2,M. cavernosa,med,1
cbc30s,2022,2,Madracis decac.,low,0
cbc30s,2022,2,Madracis mir.,low,0
cbc30s,2022,2,Meandrina mea.,very high,0
cbc30s,2022,2,Mycetophyllia,low,0
cbc30s,2022,2,Orbicella spp.,med,7
cbc30s,2022,2,P. astreoides,low,21
cbc30s,2022,2,P. porites,low,1
cbc30s,2022,2,Sid. radians,low,0
cbc30s,2022,2,Sid. siderea,med,27
cbc30s,2022,2,Stephanocoenia,med,7
cbc30s,2024,1,Ag fragilis,low,0
cbc30s,2024,1,Ag. agaricites,low,7
cbc30s,2024,1,Ag. tenuifolia,low,0
cbc30s,2024,1,Colpo. natans,high,0
cbc30s,2024,1,Dichocoenia ,very high,0
cbc30s,2024,1,Dipl. clivosa,high,0
cbc30s,2024,1,Dipl. labyrinth.,high,0
cbc30s,2024,1,Dipl. strigosa,high,1
cbc30s,2024,1,Eusmilia fast.,very high,0
cbc30s,2024,1,Favia fragum,low,0
cbc30s,2024,1,Helio cuc.,low,0
cbc30s,2024,1,Isophyllia,low,0
cbc30s,2024,1,M. cavernosa,med,4
cbc30s,2024,1,Madracis decac.,low,0
cbc30s,2024,1,Madracis mir.,low,0
cbc30s,2024,1,Meandrina mea.,very high,0
cbc30s,2024,1,Mycetophyllia,low,0
cbc30s,2024,1,Orbicella spp.,med,4
cbc30s,2024,1,P. astreoides,low,21
cbc30s,2024,1,P. porites,low,1
cbc30s,2024,1,Sid. radians,low,0
cbc30s,2024,1,Sid. siderea,med,17
cbc30s,2024,1,Stephanocoenia,med,13
cbc30s,2024,2,Ag fragilis,low,0
cbc30s,2024,2,Ag. agaricites,low,26
cbc30s,2024,2,Ag. tenuifolia,low,1
cbc30s,2024,2,Colpo. natans,high,0
cbc30s,2024,2,Dichocoenia ,very high,0
cbc30s,2024,2,Dipl. clivosa,high,0
cbc30s,2024,2,Dipl. labyrinth.,high,0
cbc30s,2024,2,Dipl. strigosa,high,1
cbc30s,2024,2,Eusmilia fast.,very high,0
cbc30s,2024,2,Favia fragum,low,0
cbc30s,2024,2,Helio cuc.,low,0
cbc30s,2024,2,Isophyllia,low,0
cbc30s,2024,2,M. cavernosa,med,1
cbc30s,2024,2,Madracis decac.,low,1
cbc30s,2024,2,Madracis mir.,low,0
cbc30s,2024,2,Meandrina mea.,very high,0
cbc30s,2024,2,Mycetophyllia,low,0
cbc30s,2024,2,Orbicella spp.,med,1
cbc30s,2024,2,P. astreoides,low,25
cbc30s,2024,2,P. porites,low,5
cbc30s,2024,2,Sid. radians,low,0
cbc30s,2024,2,Sid. siderea,med,27
cbc30s,2024,2,Stephanocoenia,med,6
lagoon,2019,1,Ag fragilis,low,1
lagoon,2019,1,Ag. agaricites,low,63
lagoon,2019,1,Ag. tenuifolia,low,76
lagoon,2019,1,Colpo. natans,high,1
lagoon,2019,1,Dichocoenia ,very high,5
lagoon,2019,1,Dipl. clivosa,high,0
lagoon,2019,1,Dipl. labyrinth.,high,4
lagoon,2019,1,Dipl. strigosa,high,0
lagoon,2019,1,Eusmilia fast.,very high,2
lagoon,2019,1,Favia fragum,low,0
lagoon,2019,1,Helio cuc.,low,0
lagoon,2019,1,Isophyllia,low,0
lagoon,2019,1,M. cavernosa,med,8
lagoon,2019,1,Madracis decac.,low,0
lagoon,2019,1,Madracis mir.,low,0
lagoon,2019,1,Meandrina mea.,very high,1
lagoon,2019,1,Mycetophyllia,low,0
lagoon,2019,1,Orbicella spp.,med,3
lagoon,2019,1,P. astreoides,low,60
lagoon,2019,1,P. porites,low,17
lagoon,2019,1,Sid. radians,low,1
lagoon,2019,1,Sid. siderea,med,51
lagoon,2019,1,Stephanocoenia,med,3
lagoon,2019,2,Ag fragilis,low,0
lagoon,2019,2,Ag. agaricites,low,76
lagoon,2019,2,Ag. tenuifolia,low,67
lagoon,2019,2,Colpo. natans,high,0
lagoon,2019,2,Dichocoenia ,very high,1
lagoon,2019,2,Dipl. clivosa,high,0
lagoon,2019,2,Dipl. labyrinth.,high,0
lagoon,2019,2,Dipl. strigosa,high,3
lagoon,2019,2,Eusmilia fast.,very high,3
lagoon,2019,2,Favia fragum,low,0
lagoon,2019,2,Helio cuc.,low,0
lagoon,2019,2,Isophyllia,low,0
lagoon,2019,2,M. cavernosa,med,8
lagoon,2019,2,Madracis decac.,low,5
lagoon,2019,2,Madracis mir.,low,0
lagoon,2019,2,Meandrina mea.,very high,0
lagoon,2019,2,Mycetophyllia,low,0
lagoon,2019,2,Orbicella spp.,med,13
lagoon,2019,2,P. astreoides,low,41
lagoon,2019,2,P. porites,low,22
lagoon,2019,2,Sid. radians,low,1
lagoon,2019,2,Sid. siderea,med,43
lagoon,2019,2,Stephanocoenia,med,3
lagoon,2022,1,Ag fragilis,low,0
lagoon,2022,1,Ag. agaricites,low,25
lagoon,2022,1,Ag. tenuifolia,low,77
lagoon,2022,1,Colpo. natans,high,0
lagoon,2022,1,Dichocoenia ,very high,0
lagoon,2022,1,Dipl. clivosa,high,0
lagoon,2022,1,Dipl. labyrinth.,high,0
lagoon,2022,1,Dipl. strigosa,high,1
lagoon,2022,1,Eusmilia fast.,very high,0
lagoon,2022,1,Favia fragum,low,0
lagoon,2022,1,Helio cuc.,low,0
lagoon,2022,1,Isophyllia,low,0
lagoon,2022,1,M. cavernosa,med,3
lagoon,2022,1,Madracis decac.,low,0
lagoon,2022,1,Madracis mir.,low,0
lagoon,2022,1,Meandrina mea.,very high,0
lagoon,2022,1,Mycetophyllia,low,0
lagoon,2022,1,Orbicella spp.,med,3
lagoon,2022,1,P. astreoides,low,38
lagoon,2022,1,P. porites,low,12
lagoon,2022,1,Sid. radians,low,0
lagoon,2022,1,Sid. siderea,med,16
lagoon,2022,1,Stephanocoenia,med,0
lagoon,2022,2,Ag fragilis,low,0
lagoon,2022,2,Ag. agaricites,low,35
lagoon,2022,2,Ag. tenuifolia,low,56
lagoon,2022,2,Colpo. natans,high,0
lagoon,2022,2,Dichocoenia ,very high,0
lagoon,2022,2,Dipl. clivosa,high,0
lagoon,2022,2,Dipl. labyrinth.,high,0
lagoon,2022,2,Dipl. strigosa,high,0
lagoon,2022,2,Eusmilia fast.,very high,0
lagoon,2022,2,Favia fragum,low,0
lagoon,2022,2,Helio cuc.,low,0
lagoon,2022,2,Isophyllia,low,0
lagoon,2022,2,M. cavernosa,med,4
lagoon,2022,2,Madracis decac.,low,0
lagoon,2022,2,Madracis mir.,low,0
lagoon,2022,2,Meandrina mea.,very high,0
lagoon,2022,2,Mycetophyllia,low,0
lagoon,2022,2,Orbicella spp.,med,31
lagoon,2022,2,P. astreoides,low,25
lagoon,2022,2,P. porites,low,9
lagoon,2022,2,Sid. radians,low,0
lagoon,2022,2,Sid. siderea,med,12
lagoon,2022,2,Stephanocoenia,med,1
lagoon,2024,1,Ag fragilis,low,0
lagoon,2024,1,Ag. agaricites,low,2
lagoon,2024,1,Ag. tenuifolia,low,9
lagoon,2024,1,Colpo. natans,high,0
lagoon,2024,1,Dichocoenia ,very high,0
lagoon,2024,1,Dipl. clivosa,high,0
lagoon,2024,1,Dipl. labyrinth.,high,0
lagoon,2024,1,Dipl. strigosa,high,3
lagoon,2024,1,Eusmilia fast.,very high,0
lagoon,2024,1,Favia fragum,low,0
lagoon,2024,1,Helio cuc.,low,0
lagoon,2024,1,Isophyllia,low,0
lagoon,2024,1,M. cavernosa,med,1
lagoon,2024,1,Madracis decac.,low,0
lagoon,2024,1,Madracis mir.,low,0
lagoon,2024,1,Meandrina mea.,very high,0
lagoon,2024,1,Mycetophyllia,low,0
lagoon,2024,1,Orbicella spp.,med,0
lagoon,2024,1,P. astreoides,low,43
lagoon,2024,1,P. porites,low,11
lagoon,2024,1,Sid. radians,low,0
lagoon,2024,1,Sid. siderea,med,5
lagoon,2024,1,Stephanocoenia,med,1
lagoon,2024,2,Ag fragilis,low,0
lagoon,2024,2,Ag. agaricites,low,7
lagoon,2024,2,Ag. tenuifolia,low,0
lagoon,2024,2,Colpo. natans,high,0
lagoon,2024,2,Dichocoenia ,very high,0
lagoon,2024,2,Dipl. clivosa,high,0
lagoon,2024,2,Dipl. labyrinth.,high,0
lagoon,2024,2,Dipl. strigosa,high,1
lagoon,2024,2,Eusmilia fast.,very high,0
lagoon,2024,2,Favia fragum,low,0
lagoon,2024,2,Helio cuc.,low,0
lagoon,2024,2,Isophyllia,low,0
lagoon,2024,2,M. cavernosa,med,6
lagoon,2024,2,Madracis decac.,low,0
lagoon,2024,2,Madracis mir.,low,0
lagoon,2024,2,Meandrina mea.,very high,0
lagoon,2024,2,Mycetophyllia,low,0
lagoon,2024,2,Orbicella spp.,med,0
lagoon,2024,2,P. astreoides,low,26
lagoon,2024,2,P. porites,low,2
lagoon,2024,2,Sid. radians,low,0
lagoon,2024,2,Sid. siderea,med,13
lagoon,2024,2,Stephanocoenia,med,3
southwater,2019,1,Ag fragilis,low,0
southwater,2019,1,Ag. agaricites,low,111
southwater,2019,1,Ag. tenuifolia,low,2
southwater,2019,1,Colpo. natans,high,0
southwater,2019,1,Dichocoenia ,very high,2
southwater,2019,1,Dipl. clivosa,high,0
southwater,2019,1,Dipl. labyrinth.,high,2
southwater,2019,1,Dipl. strigosa,high,14
southwater,2019,1,Eusmilia fast.,very high,0
southwater,2019,1,Favia fragum,low,0
southwater,2019,1,Helio cuc.,low,1
southwater,2019,1,Isophyllia,low,0
southwater,2019,1,M. cavernosa,med,12
southwater,2019,1,Madracis decac.,low,1
southwater,2019,1,Madracis mir.,low,0
southwater,2019,1,Meandrina mea.,very high,0
southwater,2019,1,Mycetophyllia,low,0
southwater,2019,1,Orbicella spp.,med,3
southwater,2019,1,P. astreoides,low,60
southwater,2019,1,P. porites,low,8
southwater,2019,1,Sid. radians,low,1
southwater,2019,1,Sid. siderea,med,57
southwater,2019,1,Stephanocoenia,med,7
southwater,2019,2,Ag fragilis,low,0
southwater,2019,2,Ag. agaricites,low,94
southwater,2019,2,Ag. tenuifolia,low,13
southwater,2019,2,Colpo. natans,high,0
southwater,2019,2,Dichocoenia ,very high,4
southwater,2019,2,Dipl. clivosa,high,0
southwater,2019,2,Dipl. labyrinth.,high,2
southwater,2019,2,Dipl. strigosa,high,7
southwater,2019,2,Eusmilia fast.,very high,2
southwater,2019,2,Favia fragum,low,0
southwater,2019,2,Helio cuc.,low,1
southwater,2019,2,Isophyllia,low,0
southwater,2019,2,M. cavernosa,med,1
southwater,2019,2,Madracis decac.,low,0
southwater,2019,2,Madracis mir.,low,0
southwater,2019,2,Meandrina mea.,very high,0
southwater,2019,2,Mycetophyllia,low,0
southwater,2019,2,Orbicella spp.,med,4
southwater,2019,2,P. astreoides,low,32
southwater,2019,2,P. porites,low,9
southwater,2019,2,Sid. radians,low,0
southwater,2019,2,Sid. siderea,med,77
southwater,2019,2,Stephanocoenia,med,2
southwater,2022,1,Ag fragilis,low,0
southwater,2022,1,Ag. agaricites,low,43
southwater,2022,1,Ag. tenuifolia,low,9
southwater,2022,1,Colpo. natans,high,0
southwater,2022,1,Dichocoenia ,very high,0
southwater,2022,1,Dipl. clivosa,high,0
southwater,2022,1,Dipl. labyrinth.,high,0
southwater,2022,1,Dipl. strigosa,high,3
southwater,2022,1,Eusmilia fast.,very high,1
southwater,2022,1,Favia fragum,low,0
southwater,2022,1,Helio cuc.,low,0
southwater,2022,1,Isophyllia,low,0
southwater,2022,1,M. cavernosa,med,0
southwater,2022,1,Madracis decac.,low,0
southwater,2022,1,Madracis mir.,low,0
southwater,2022,1,Meandrina mea.,very high,0
southwater,2022,1,Mycetophyllia,low,0
southwater,2022,1,Orbicella spp.,med,27
southwater,2022,1,P. astreoides,low,13
southwater,2022,1,P. porites,low,17
southwater,2022,1,Sid. radians,low,0
southwater,2022,1,Sid. siderea,med,8
southwater,2022,1,Stephanocoenia,med,4
southwater,2022,2,Ag fragilis,low,0
southwater,2022,2,Ag. agaricites,low,89
southwater,2022,2,Ag. tenuifolia,low,0
southwater,2022,2,Colpo. natans,high,0
southwater,2022,2,Dichocoenia ,very high,0
southwater,2022,2,Dipl. clivosa,high,0
southwater,2022,2,Dipl. labyrinth.,high,0
southwater,2022,2,Dipl. strigosa,high,5
southwater,2022,2,Eusmilia fast.,very high,0
southwater,2022,2,Favia fragum,low,0
southwater,2022,2,Helio cuc.,low,0
southwater,2022,2,Isophyllia,low,0
southwater,2022,2,M. cavernosa,med,1
southwater,2022,2,Madracis decac.,low,0
southwater,2022,2,Madracis mir.,low,0
southwater,2022,2,Meandrina mea.,very high,0
southwater,2022,2,Mycetophyllia,low,0
southwater,2022,2,Orbicella spp.,med,8
southwater,2022,2,P. astreoides,low,57
southwater,2022,2,P. porites,low,17
southwater,2022,2,Sid. radians,low,0
southwater,2022,2,Sid. siderea,med,12
southwater,2022,2,Stephanocoenia,med,12
southwater,2024,1,Ag fragilis,low,0
southwater,2024,1,Ag. agaricites,low,18
southwater,2024,1,Ag. tenuifolia,low,0
southwater,2024,1,Colpo. natans,high,0
southwater,2024,1,Dichocoenia ,very high,0
southwater,2024,1,Dipl. clivosa,high,0
southwater,2024,1,Dipl. labyrinth.,high,0
southwater,2024,1,Dipl. strigosa,high,2
southwater,2024,1,Eusmilia fast.,very high,0
southwater,2024,1,Favia fragum,low,0
southwater,2024,1,Helio cuc.,low,0
southwater,2024,1,Isophyllia,low,0
southwater,2024,1,M. cavernosa,med,4
southwater,2024,1,Madracis decac.,low,0
southwater,2024,1,Madracis mir.,low,0
southwater,2024,1,Meandrina mea.,very high,0
southwater,2024,1,Mycetophyllia,low,0
southwater,2024,1,Orbicella spp.,med,1
southwater,2024,1,P. astreoides,low,36
southwater,2024,1,P. porites,low,0
southwater,2024,1,Sid. radians,low,0
southwater,2024,1,Sid. siderea,med,25
southwater,2024,1,Stephanocoenia,med,9
southwater,2024,2,Ag fragilis,low,0
southwater,2024,2,Ag. agaricites,low,14
southwater,2024,2,Ag. tenuifolia,low,1
southwater,2024,2,Colpo. natans,high,0
southwater,2024,2,Dichocoenia ,very high,2
southwater,2024,2,Dipl. clivosa,high,0
southwater,2024,2,Dipl. labyrinth.,high,0
southwater,2024,2,Dipl. strigosa,high,1
southwater,2024,2,Eusmilia fast.,very high,0
southwater,2024,2,Favia fragum,low,0
southwater,2024,2,Helio cuc.,low,0
southwater,2024,2,Isophyllia,low,0
southwater,2024,2,M. cavernosa,med,4
southwater,2024,2,Madracis decac.,low,0
southwater,2024,2,Madracis mir.,low,1
southwater,2024,2,Meandrina mea.,very high,0
southwater,2024,2,Mycetophyllia,low,0
southwater,2024,2,Orbicella spp.,med,4
southwater,2024,2,P. astreoides,low,31
southwater,2024,2,P. porites,low,0
southwater,2024,2,Sid. radians,low,0
southwater,2024,2,Sid. siderea,med,12
southwater,2024,2,Stephanocoenia,med,6
sr30c,2019,1,Ag fragilis,low,0
sr30c,2019,1,Ag. agaricites,low,85
sr30c,2019,1,Ag. tenuifolia,low,13
sr30c,2019,1,Colpo. natans,high,0
sr30c,2019,1,Dichocoenia ,very high,3
sr30c,2019,1,Dipl. clivosa,high,0
sr30c,2019,1,Dipl. labyrinth.,high,0
sr30c,2019,1,Dipl. strigosa,high,3
sr30c,2019,1,Eusmilia fast.,very high,0
sr30c,2019,1,Favia fragum,low,1
sr30c,2019,1,Helio cuc.,low,1
sr30c,2019,1,Isophyllia,low,0
sr30c,2019,1,M. cavernosa,med,2
sr30c,2019,1,Madracis decac.,low,2
sr30c,2019,1,Madracis mir.,low,0
sr30c,2019,1,Meandrina mea.,very high,2
sr30c,2019,1,Mycetophyllia,low,0
sr30c,2019,1,Orbicella spp.,med,3
sr30c,2019,1,P. astreoides,low,50
sr30c,2019,1,P. porites,low,16
sr30c,2019,1,Sid. radians,low,0
sr30c,2019,1,Sid. siderea,med,35
sr30c,2019,1,Stephanocoenia,med,4
sr30c,2019,2,Ag fragilis,low,0
sr30c,2019,2,Ag. agaricites,low,75
sr30c,2019,2,Ag. tenuifolia,low,12
sr30c,2019,2,Colpo. natans,high,0
sr30c,2019,2,Dichocoenia ,very high,3
sr30c,2019,2,Dipl. clivosa,high,0
sr30c,2019,2,Dipl. labyrinth.,high,1
sr30c,2019,2,Dipl. strigosa,high,4
sr30c,2019,2,Eusmilia fast.,very high,1
sr30c,2019,2,Favia fragum,low,0
sr30c,2019,2,Helio cuc.,low,6
sr30c,2019,2,Isophyllia,low,0
sr30c,2019,2,M. cavernosa,med,11
sr30c,2019,2,Madracis decac.,low,13
sr30c,2019,2,Madracis mir.,low,0
sr30c,2019,2,Meandrina mea.,very high,0
sr30c,2019,2,Mycetophyllia,low,0
sr30c,2019,2,Orbicella spp.,med,12
sr30c,2019,2,P. astreoides,low,68
sr30c,2019,2,P. porites,low,34
sr30c,2019,2,Sid. radians,low,0
sr30c,2019,2,Sid. siderea,med,57
sr30c,2019,2,Stephanocoenia,med,9
sr30c,2022,1,Ag fragilis,low,1
sr30c,2022,1,Ag. agaricites,low,51
sr30c,2022,1,Ag. tenuifolia,low,15
sr30c,2022,1,Colpo. natans,high,0
sr30c,2022,1,Dichocoenia ,very high,0
sr30c,2022,1,Dipl. clivosa,high,0
sr30c,2022,1,Dipl. labyrinth.,high,0
sr30c,2022,1,Dipl. strigosa,high,0
sr30c,2022,1,Eusmilia fast.,very high,0
sr30c,2022,1,Favia fragum,low,0
sr30c,2022,1,Helio cuc.,low,0
sr30c,2022,1,Isophyllia,low,0
sr30c,2022,1,M. cavernosa,med,1
sr30c,2022,1,Madracis decac.,low,0
sr30c,2022,1,Madracis mir.,low,0
sr30c,2022,1,Meandrina mea.,very high,0
sr30c,2022,1,Mycetophyllia,low,0
sr30c,2022,1,Orbicella spp.,med,5
sr30c,2022,1,P. astreoides,low,60
sr30c,2022,1,P. porites,low,21
sr30c,2022,1,Sid. radians,low,0
sr30c,2022,1,Sid. siderea,med,17
sr30c,2022,1,Stephanocoenia,med,1
sr30c,2022,2,Ag fragilis,low,0
sr30c,2022,2,Ag. agaricites,low,69
sr30c,2022,2,Ag. tenuifolia,low,11
sr30c,2022,2,Colpo. natans,high,0
sr30c,2022,2,Dichocoenia ,very high,1
sr30c,2022,2,Dipl. clivosa,high,0
sr30c,2022,2,Dipl. labyrinth.,high,2
sr30c,2022,2,Dipl. strigosa,high,3
sr30c,2022,2,Eusmilia fast.,very high,0
sr30c,2022,2,Favia fragum,low,0
sr30c,2022,2,Helio cuc.,low,3
sr30c,2022,2,Isophyllia,low,0
sr30c,2022,2,M. cavernosa,med,3
sr30c,2022,2,Madracis decac.,low,2
sr30c,2022,2,Madracis mir.,low,0
sr30c,2022,2,Meandrina mea.,very high,0
sr30c,2022,2,Mycetophyllia,low,0
sr30c,2022,2,Orbicella spp.,med,16
sr30c,2022,2,P. astreoides,low,48
sr30c,2022,2,P. porites,low,35
sr30c,2022,2,Sid. radians,low,1
sr30c,2022,2,Sid. siderea,med,22
sr30c,2022,2,Stephanocoenia,med,3
sr30c,2024,1,Ag fragilis,low,0
sr30c,2024,1,Ag. agaricites,low,7
sr30c,2024,1,Ag. tenuifolia,low,0
sr30c,2024,1,Colpo. natans,high,0
sr30c,2024,1,Dichocoenia ,very high,1
sr30c,2024,1,Dipl. clivosa,high,0
sr30c,2024,1,Dipl. labyrinth.,high,0
sr30c,2024,1,Dipl. strigosa,high,1
sr30c,2024,1,Eusmilia fast.,very high,0
sr30c,2024,1,Favia fragum,low,0
sr30c,2024,1,Helio cuc.,low,0
sr30c,2024,1,Isophyllia,low,0
sr30c,2024,1,M. cavernosa,med,1
sr30c,2024,1,Madracis decac.,low,0
sr30c,2024,1,Madracis mir.,low,0
sr30c,2024,1,Meandrina mea.,very high,0
sr30c,2024,1,Mycetophyllia,low,0
sr30c,2024,1,Orbicella spp.,med,2
sr30c,2024,1,P. astreoides,low,32
sr30c,2024,1,P. porites,low,4
sr30c,2024,1,Sid. radians,low,0
sr30c,2024,1,Sid. siderea,med,6
sr30c,2024,1,Stephanocoenia,med,3
sr30c,2024,2,Ag fragilis,low,0
sr30c,2024,2,Ag. agaricites,low,11
sr30c,2024,2,Ag. tenuifolia,low,0
sr30c,2024,2,Colpo. natans,high,0
sr30c,2024,2,Dichocoenia ,very high,0
sr30c,2024,2,Dipl. clivosa,high,0
sr30c,2024,2,Dipl. labyrinth.,high,0
sr30c,2024,2,Dipl. strigosa,high,2
sr30c,2024,2,Eusmilia fast.,very high,0
sr30c,2024,2,Favia fragum,low,0
sr30c,2024,2,Helio cuc.,low,0
sr30c,2024,2,Isophyllia,low,0
sr30c,2024,2,M. cavernosa,med,7
sr30c,2024,2,Madracis decac.,low,0
sr30c,2024,2,Madracis mir.,low,0
sr30c,2024,2,Meandrina mea.,very high,0
sr30c,2024,2,Mycetophyllia,low,0
sr30c,2024,2,Orbicella spp.,med,7
sr30c,2024,2,P. astreoides,low,0
sr30c,2024,2,P. porites,low,6
sr30c,2024,2,Sid. radians,low,0
sr30c,2024,2,Sid. siderea,med,11
sr30c,2024,2,Stephanocoenia,med,4
sr30n,2019,1,Ag fragilis,low,0
sr30n,2019,1,Ag. agaricites,low,86
sr30n,2019,1,Ag. tenuifolia,low,26
sr30n,2019,1,Colpo. natans,high,1
sr30n,2019,1,Dichocoenia ,very high,1
sr30n,2019,1,Dipl. clivosa,high,0
sr30n,2019,1,Dipl. labyrinth.,high,1
sr30n,2019,1,Dipl. strigosa,high,11
sr30n,2019,1,Eusmilia fast.,very high,0
sr30n,2019,1,Favia fragum,low,0
sr30n,2019,1,Helio cuc.,low,3
sr30n,2019,1,Isophyllia,low,0
sr30n,2019,1,M. cavernosa,med,5
sr30n,2019,1,Madracis decac.,low,0
sr30n,2019,1,Madracis mir.,low,0
sr30n,2019,1,Meandrina mea.,very high,1
sr30n,2019,1,Mycetophyllia,low,2
sr30n,2019,1,Orbicella spp.,med,9
sr30n,2019,1,P. astreoides,low,41
sr30n,2019,1,P. porites,low,16
sr30n,2019,1,Sid. radians,low,0
sr30n,2019,1,Sid. siderea,med,56
sr30n,2019,1,Stephanocoenia,med,4
sr30n,2019,2,Ag fragilis,low,0
sr30n,2019,2,Ag. agaricites,low,41
sr30n,2019,2,Ag. tenuifolia,low,10
sr30n,2019,2,Colpo. natans,high,0
sr30n,2019,2,Dichocoenia ,very high,0
sr30n,2019,2,Dipl. clivosa,high,0
sr30n,2019,2,Dipl. labyrinth.,high,0
sr30n,2019,2,Dipl. strigosa,high,0
sr30n,2019,2,Eusmilia fast.,very high,0
sr30n,2019,2,Favia fragum,low,0
sr30n,2019,2,Helio cuc.,low,2
sr30n,2019,2,Isophyllia,low,0
sr30n,2019,2,M. cavernosa,med,2
sr30n,2019,2,Madracis decac.,low,5
sr30n,2019,2,Madracis mir.,low,0
sr30n,2019,2,Meandrina mea.,very high,2
sr30n,2019,2,Mycetophyllia,low,1
sr30n,2019,2,Orbicella spp.,med,1
sr30n,2019,2,P. astreoides,low,19
sr30n,2019,2,P. porites,low,23
sr30n,2019,2,Sid. radians,low,0
sr30n,2019,2,Sid. siderea,med,35
sr30n,2019,2,Stephanocoenia,med,0
sr30n,2022,1,Ag fragilis,low,1
sr30n,2022,1,Ag. agaricites,low,44
sr30n,2022,1,Ag. tenuifolia,low,19
sr30n,2022,1,Colpo. natans,high,0
sr30n,2022,1,Dichocoenia ,very high,0
sr30n,2022,1,Dipl. clivosa,high,0
sr30n,2022,1,Dipl. labyrinth.,high,0
sr30n,2022,1,Dipl. strigosa,high,1
sr30n,2022,1,Eusmilia fast.,very high,0
sr30n,2022,1,Favia fragum,low,0
sr30n,2022,1,Helio cuc.,low,0
sr30n,2022,1,Isophyllia,low,0
sr30n,2022,1,M. cavernosa,med,3
sr30n,2022,1,Madracis decac.,low,0
sr30n,2022,1,Madracis mir.,low,0
sr30n,2022,1,Meandrina mea.,very high,0
sr30n,2022,1,Mycetophyllia,low,0
sr30n,2022,1,Orbicella spp.,med,6
sr30n,2022,1,P. astreoides,low,29
sr30n,2022,1,P. porites,low,16
sr30n,2022,1,Sid. radians,low,0
sr30n,2022,1,Sid. siderea,med,20
sr30n,2022,1,Stephanocoenia,med,5
sr30n,2022,2,Ag fragilis,low,0
sr30n,2022,2,Ag. agaricites,low,52
sr30n,2022,2,Ag. tenuifolia,low,16
sr30n,2022,2,Colpo. natans,high,0
sr30n,2022,2,Dichocoenia ,very high,1
sr30n,2022,2,Dipl. clivosa,high,0
sr30n,2022,2,Dipl. labyrinth.,high,2
sr30n,2022,2,Dipl. strigosa,high,0
sr30n,2022,2,Eusmilia fast.,very high,0
sr30n,2022,2,Favia fragum,low,0
sr30n,2022,2,Helio cuc.,low,0
sr30n,2022,2,Isophyllia,low,0
sr30n,2022,2,M. cavernosa,med,5
sr30n,2022,2,Madracis decac.,low,8
sr30n,2022,2,Madracis mir.,low,1
sr30n,2022,2,Meandrina mea.,very high,0
sr30n,2022,2,Mycetophyllia,low,0
sr30n,2022,2,Orbicella spp.,med,13
sr30n,2022,2,P. astreoides,low,32
sr30n,2022,2,P. porites,low,45
sr30n,2022,2,Sid. radians,low,0
sr30n,2022,2,Sid. siderea,med,28
sr30n,2022,2,Stephanocoenia,med,4
sr30n,2024,1,Ag fragilis,low,2
sr30n,2024,1,Ag. agaricites,low,8
sr30n,2024,1,Ag. tenuifolia,low,7
sr30n,2024,1,Colpo. natans,high,0
sr30n,2024,1,Dichocoenia ,very high,0
sr30n,2024,1,Dipl. clivosa,high,0
sr30n,2024,1,Dipl. labyrinth.,high,0
sr30n,2024,1,Dipl. strigosa,high,3
sr30n,2024,1,Eusmilia fast.,very high,0
sr30n,2024,1,Favia fragum,low,0
sr30n,2024,1,Helio cuc.,low,0
sr30n,2024,1,Isophyllia,low,0
sr30n,2024,1,M. cavernosa,med,0
sr30n,2024,1,Madracis decac.,low,0
sr30n,2024,1,Madracis mir.,low,0
sr30n,2024,1,Meandrina mea.,very high,0
sr30n,2024,1,Mycetophyllia,low,0
sr30n,2024,1,Orbicella spp.,med,5
sr30n,2024,1,P. astreoides,low,22
sr30n,2024,1,P. porites,low,4
sr30n,2024,1,Sid. radians,low,0
sr30n,2024,1,Sid. siderea,med,12
sr30n,2024,1,Stephanocoenia,med,1
sr30n,2024,2,Ag fragilis,low,0
sr30n,2024,2,Ag. agaricites,low,15
sr30n,2024,2,Ag. tenuifolia,low,3
sr30n,2024,2,Colpo. natans,high,0
sr30n,2024,2,Dichocoenia ,very high,0
sr30n,2024,2,Dipl. clivosa,high,0
sr30n,2024,2,Dipl. labyrinth.,high,0
sr30n,2024,2,Dipl. strigosa,high,1
sr30n,2024,2,Eusmilia fast.,very high,0
sr30n,2024,2,Favia fragum,low,0
sr30n,2024,2,Helio cuc.,low,0
sr30n,2024,2,Isophyllia,low,0
sr30n,2024,2,M. cavernosa,med,2
sr30n,2024,2,Madracis decac.,low,0
sr30n,2024,2,Madracis mir.,low,0
sr30n,2024,2,Meandrina mea.,very high,0
sr30n,2024,2,Mycetophyllia,low,0
sr30n,2024,2,Orbicella spp.,med,2
sr30n,2024,2,P. astreoides,low,9
sr30n,2024,2,P. porites,low,7
sr30n,2024,2,Sid. radians,low,0
sr30n,2024,2,Sid. siderea,med,10
sr30n,2024,2,Stephanocoenia,med,1
sr30s,2019,1,Ag fragilis,low,0
sr30s,2019,1,Ag. agaricites,low,131
sr30s,2019,1,Ag. tenuifolia,low,13
sr30s,2019,1,Colpo. natans,high,0
sr30s,2019,1,Dichocoenia ,very high,1
sr30s,2019,1,Dipl. clivosa,high,0
sr30s,2019,1,Dipl. labyrinth.,high,0
sr30s,2019,1,Dipl. strigosa,high,3
sr30s,2019,1,Eusmilia fast.,very high,1
sr30s,2019,1,Favia fragum,low,0
sr30s,2019,1,Helio cuc.,low,3
sr30s,2019,1,Isophyllia,low,0
sr30s,2019,1,M. cavernosa,med,5
sr30s,2019,1,Madracis decac.,low,0
sr30s,2019,1,Madracis mir.,low,0
sr30s,2019,1,Meandrina mea.,very high,0
sr30s,2019,1,Mycetophyllia,low,0
sr30s,2019,1,Orbicella spp.,med,6
sr30s,2019,1,P. astreoides,low,42
sr30s,2019,1,P. porites,low,22
sr30s,2019,1,Sid. radians,low,0
sr30s,2019,1,Sid. siderea,med,47
sr30s,2019,1,Stephanocoenia,med,4
sr30s,2019,2,Ag fragilis,low,0
sr30s,2019,2,Ag. agaricites,low,84
sr30s,2019,2,Ag. tenuifolia,low,19
sr30s,2019,2,Colpo. natans,high,0
sr30s,2019,2,Dichocoenia ,very high,2
sr30s,2019,2,Dipl. clivosa,high,0
sr30s,2019,2,Dipl. labyrinth.,high,0
sr30s,2019,2,Dipl. strigosa,high,1
sr30s,2019,2,Eusmilia fast.,very high,0
sr30s,2019,2,Favia fragum,low,0
sr30s,2019,2,Helio cuc.,low,2
sr30s,2019,2,Isophyllia,low,0
sr30s,2019,2,M. cavernosa,med,4
sr30s,2019,2,Madracis decac.,low,2
sr30s,2019,2,Madracis mir.,low,0
sr30s,2019,2,Meandrina mea.,very high,0
sr30s,2019,2,Mycetophyllia,low,0
sr30s,2019,2,Orbicella spp.,med,7
sr30s,2019,2,P. astreoides,low,40
sr30s,2019,2,P. porites,low,34
sr30s,2019,2,Sid. radians,low,0
sr30s,2019,2,Sid. siderea,med,41
sr30s,2019,2,Stephanocoenia,med,3
sr30s,2022,1,Ag fragilis,low,0
sr30s,2022,1,Ag. agaricites,low,84
sr30s,2022,1,Ag. tenuifolia,low,28
sr30s,2022,1,Colpo. natans,high,0
sr30s,2022,1,Dichocoenia ,very high,0
sr30s,2022,1,Dipl. clivosa,high,0
sr30s,2022,1,Dipl. labyrinth.,high,0
sr30s,2022,1,Dipl. strigosa,high,2
sr30s,2022,1,Eusmilia fast.,very high,0
sr30s,2022,1,Favia fragum,low,0
sr30s,2022,1,Helio cuc.,low,2
sr30s,2022,1,Isophyllia,low,0
sr30s,2022,1,M. cavernosa,med,1
sr30s,2022,1,Madracis decac.,low,0
sr30s,2022,1,Madracis mir.,low,0
sr30s,2022,1,Meandrina mea.,very high,0
sr30s,2022,1,Mycetophyllia,low,0
sr30s,2022,1,Orbicella spp.,med,21
sr30s,2022,1,P. astreoides,low,34
sr30s,2022,1,P. porites,low,34
sr30s,2022,1,Sid. radians,low,0
sr30s,2022,1,Sid. siderea,med,31
sr30s,2022,1,Stephanocoenia,med,1
sr30s,2022,2,Ag fragilis,low,0
sr30s,2022,2,Ag. agaricites,low,86
sr30s,2022,2,Ag. tenuifolia,low,11
sr30s,2022,2,Colpo. natans,high,0
sr30s,2022,2,Dichocoenia ,very high,0
sr30s,2022,2,Dipl. clivosa,high,0
sr30s,2022,2,Dipl. labyrinth.,high,0
sr30s,2022,2,Dipl. strigosa,high,2
sr30s,2022,2,Eusmilia fast.,very high,0
sr30s,2022,2,Favia fragum,low,0
sr30s,2022,2,Helio cuc.,low,0
sr30s,2022,2,Isophyllia,low,0
sr30s,2022,2,M. cavernosa,med,2
sr30s,2022,2,Madracis decac.,low,0
sr30s,2022,2,Madracis mir.,low,0
sr30s,2022,2,Meandrina mea.,very high,0
sr30s,2022,2,Mycetophyllia,low,0
sr30s,2022,2,Orbicella spp.,med,6
sr30s,2022,2,P. astreoides,low,43
sr30s,2022,2,P. porites,low,15
sr30s,2022,2,Sid. radians,low,0
sr30s,2022,2,Sid. siderea,med,16
sr30s,2022,2,Stephanocoenia,med,1
sr30s,2024,1,Ag fragilis,low,0
sr30s,2024,1,Ag. agaricites,low,28
sr30s,2024,1,Ag. tenuifolia,low,0
sr30s,2024,1,Colpo. natans,high,0
sr30s,2024,1,Dichocoenia ,very high,0
sr30s,2024,1,Dipl. clivosa,high,0
sr30s,2024,1,Dipl. labyrinth.,high,0
sr30s,2024,1,Dipl. strigosa,high,0
sr30s,2024,1,Eusmilia fast.,very high,0
sr30s,2024,1,Favia fragum,low,0
sr30s,2024,1,Helio cuc.,low,0
sr30s,2024,1,Isophyllia,low,0
sr30s,2024,1,M. cavernosa,med,0
sr30s,2024,1,Madracis decac.,low,0
sr30s,2024,1,Madracis mir.,low,0
sr30s,2024,1,Meandrina mea.,very high,0
sr30s,2024,1,Mycetophyllia,low,0
sr30s,2024,1,Orbicella spp.,med,9
sr30s,2024,1,P. astreoides,low,42
sr30s,2024,1,P. porites,low,8
sr30s,2024,1,Sid. radians,low,0
sr30s,2024,1,Sid. siderea,med,17
sr30s,2024,1,Stephanocoenia,med,2
sr30s,2024,2,Ag fragilis,low,0
sr30s,2024,2,Ag. agaricites,low,13
sr30s,2024,2,Ag. tenuifolia,low,3
sr30s,2024,2,Colpo. natans,high,0
sr30s,2024,2,Dichocoenia ,very high,0
sr30s,2024,2,Dipl. clivosa,high,0
sr30s,2024,2,Dipl. labyrinth.,high,0
sr30s,2024,2,Dipl. strigosa,high,3
sr30s,2024,2,Eusmilia fast.,very high,0
sr30s,2024,2,Favia fragum,low,0
sr30s,2024,2,Helio cuc.,low,0
sr30s,2024,2,Isophyllia,low,1
sr30s,2024,2,M. cavernosa,med,1
sr30s,2024,2,Madracis decac.,low,0
sr30s,2024,2,Madracis mir.,low,0
sr30s,2024,2,Meandrina mea.,very high,0
sr30s,2024,2,Mycetophyllia,low,0
sr30s,2024,2,Orbicella spp.,med,2
sr30s,2024,2,P. astreoides,low,20
sr30s,2024,2,P. porites,low,0
sr30s,2024,2,Sid. radians,low,0
sr30s,2024,2,Sid. siderea,med,6
sr30s,2024,2,Stephanocoenia,med,0
sr_disease,2019,1,Ag fragilis,low,0
sr_disease,2019,1,Ag. agaricites,low,150
sr_disease,2019,1,Ag. tenuifolia,low,4
sr_disease,2019,1,Colpo. natans,high,0
sr_disease,2019,1,Dichocoenia ,very high,1
sr_disease,2019,1,Dipl. clivosa,high,0
sr_disease,2019,1,Dipl. labyrinth.,high,0
sr_disease,2019,1,Dipl. strigosa,high,7
sr_disease,2019,1,Eusmilia fast.,very high,1
sr_disease,2019,1,Favia fragum,low,0
sr_disease,2019,1,Helio cuc.,low,2
sr_disease,2019,1,Isophyllia,low,0
sr_disease,2019,1,M. cavernosa,med,4
sr_disease,2019,1,Madracis decac.,low,0
sr_disease,2019,1,Madracis mir.,low,0
sr_disease,2019,1,Meandrina mea.,very high,1
sr_disease,2019,1,Mycetophyllia,low,0
sr_disease,2019,1,Orbicella spp.,med,3
sr_disease,2019,1,P. astreoides,low,62
sr_disease,2019,1,P. porites,low,20
sr_disease,2019,1,Sid. radians,low,0
sr_disease,2019,1,Sid. siderea,med,79
sr_disease,2019,1,Stephanocoenia,med,4
sr_disease,2019,2,Ag fragilis,low,0
sr_disease,2019,2,Ag. agaricites,low,142
sr_disease,2019,2,Ag. tenuifolia,low,9
sr_disease,2019,2,Colpo. natans,high,1
sr_disease,2019,2,Dichocoenia ,very high,2
sr_disease,2019,2,Dipl. clivosa,high,0
sr_disease,2019,2,Dipl. labyrinth.,high,1
sr_disease,2019,2,Dipl. strigosa,high,2
sr_disease,2019,2,Eusmilia fast.,very high,0
sr_disease,2019,2,Favia fragum,low,0
sr_disease,2019,2,Helio cuc.,low,1
sr_disease,2019,2,Isophyllia,low,1
sr_disease,2019,2,M. cavernosa,med,10
sr_disease,2019,2,Madracis decac.,low,0
sr_disease,2019,2,Madracis mir.,low,0
sr_disease,2019,2,Meandrina mea.,very high,0
sr_disease,2019,2,Mycetophyllia,low,0
sr_disease,2019,2,Orbicella spp.,med,14
sr_disease,2019,2,P. astreoides,low,55
sr_disease,2019,2,P. porites,low,38
sr_disease,2019,2,Sid. radians,low,0
sr_disease,2019,2,Sid. siderea,med,63
sr_disease,2019,2,Stephanocoenia,med,5
sr_disease,2022,1,Ag fragilis,low,0
sr_disease,2022,1,Ag. agaricites,low,73
sr_disease,2022,1,Ag. tenuifolia,low,24
sr_disease,2022,1,Colpo. natans,high,0
sr_disease,2022,1,Dichocoenia ,very high,0
sr_disease,2022,1,Dipl. clivosa,high,0
sr_disease,2022,1,Dipl. labyrinth.,high,0
sr_disease,2022,1,Dipl. strigosa,high,2
sr_disease,2022,1,Eusmilia fast.,very high,0
sr_disease,2022,1,Favia fragum,low,0
sr_disease,2022,1,Helio cuc.,low,1
sr_disease,2022,1,Isophyllia,low,0
sr_disease,2022,1,M. cavernosa,med,2
sr_disease,2022,1,Madracis decac.,low,0
sr_disease,2022,1,Madracis mir.,low,0
sr_disease,2022,1,Meandrina mea.,very high,0
sr_disease,2022,1,Mycetophyllia,low,0
sr_disease,2022,1,Orbicella spp.,med,2
sr_disease,2022,1,P. astreoides,low,28
sr_disease,2022,1,P. porites,low,40
sr_disease,2022,1,Sid. radians,low,0
sr_disease,2022,1,Sid. siderea,med,24
sr_disease,2022,1,Stephanocoenia,med,4
sr_disease,2022,2,Ag fragilis,low,1
sr_disease,2022,2,Ag. agaricites,low,92
sr_disease,2022,2,Ag. tenuifolia,low,36
sr_disease,2022,2,Colpo. natans,high,0
sr_disease,2022,2,Dichocoenia ,very high,0
sr_disease,2022,2,Dipl. clivosa,high,0
sr_disease,2022,2,Dipl. labyrinth.,high,2
sr_disease,2022,2,Dipl. strigosa,high,5
sr_disease,2022,2,Eusmilia fast.,very high,0
sr_disease,2022,2,Favia fragum,low,0
sr_disease,2022,2,Helio cuc.,low,0
sr_disease,2022,2,Isophyllia,low,0
sr_disease,2022,2,M. cavernosa,med,3
sr_disease,2022,2,Madracis decac.,low,0
sr_disease,2022,2,Madracis mir.,low,0
sr_disease,2022,2,Meandrina mea.,very high,0
sr_disease,2022,2,Mycetophyllia,low,0
sr_disease,2022,2,Orbicella spp.,med,0
sr_disease,2022,2,P. astreoides,low,47
sr_disease,2022,2,P. porites,low,23
sr_disease,2022,2,Sid. radians,low,1
sr_disease,2022,2,Sid. siderea,med,22
sr_disease,2022,2,Stephanocoenia,med,3
sr_disease,2024,1,Ag fragilis,low,0
sr_disease,2024,1,Ag. agaricites,low,20
sr_disease,2024,1,Ag. tenuifolia,low,0
sr_disease,2024,1,Colpo. natans,high,0
sr_disease,2024,1,Dichocoenia ,very high,0
sr_disease,2024,1,Dipl. clivosa,high,0
sr_disease,2024,1,Dipl. labyrinth.,high,0
sr_disease,2024,1,Dipl. strigosa,high,1
sr_disease,2024,1,Eusmilia fast.,very high,0
sr_disease,2024,1,Favia fragum,low,0
sr_disease,2024,1,Helio cuc.,low,0
sr_disease,2024,1,Isophyllia,low,0
sr_disease,2024,1,M. cavernosa,med,0
sr_disease,2024,1,Madracis decac.,low,0
sr_disease,2024,1,Madracis mir.,low,0
sr_disease,2024,1,Meandrina mea.,very high,0
sr_disease,2024,1,Mycetophyllia,low,0
sr_disease,2024,1,Orbicella spp.,med,2
sr_disease,2024,1,P. astreoides,low,50
sr_disease,2024,1,P. porites,low,5
sr_disease,2024,1,Sid. radians,low,0
sr_disease,2024,1,Sid. siderea,med,13
sr_disease,2024,1,Stephanocoenia,med,2
sr_disease,2024,2,Ag fragilis,low,2
sr_disease,2024,2,Ag. agaricites,low,14
sr_disease,2024,2,Ag. tenuifolia,low,0
sr_disease,2024,2,Colpo. natans,high,0
sr_disease,2024,2,Dichocoenia ,very high,0
sr_disease,2024,2,Dipl. clivosa,high,0
sr_disease,2024,2,Dipl. labyrinth.,high,0
sr_disease,2024,2,Dipl. strigosa,high,1
sr_disease,2024,2,Eusmilia fast.,very high,0
sr_disease,2024,2,Favia fragum,low,0
sr_disease,2024,2,Helio cuc.,low,0
sr_disease,2024,2,Isophyllia,low,0
sr_disease,2024,2,M. cavernosa,med,9
sr_disease,2024,2,Madracis decac.,low,0
sr_disease,2024,2,Madracis mir.,low,0
sr_disease,2024,2,Meandrina mea.,very high,0
sr_disease,2024,2,Mycetophyllia,low,0
sr_disease,2024,2,Orbicella spp.,med,1
sr_disease,2024,2,P. astreoides,low,40
sr_disease,2024,2,P. porites,low,0
sr_disease,2024,2,Sid. radians,low,0
sr_disease,2024,2,Sid. siderea,med,21
sr_disease,2024,2,Stephanocoenia,med,6