site,year,transect,species,count
CBC 30S,2019,1,Ag. agaricites,74
CBC 30S,2019,1,Ag. tenufolia,10
CBC 30S,2019,1,Ag fragilis,
CBC 30S,2019,1,Ag humilis,
CBC 30S,2019,1,Colpo. natans,
CBC 30S,2019,1,Dichocoenia ,4
CBC 30S,2019,1,Dipl. clivosa,1
CBC 30S,2019,1,Dipl. labyrinth.,
CBC 30S,2019,1,Dipl. strigosa,7
CBC 30S,2019,1,Eusmilia fast.,1
CBC 30S,2019,1,Favia fragum,
CBC 30S,2019,1,Isophyllia,
CBC 30S,2019,1,Helio cuc.,7
CBC 30S,2019,1,Madracis mir.,
CBC 30S,2019,1,Madracis decac.,5
CBC 30S,2019,1,Meandrina mea.,2
CBC 30S,2019,1,M. cavernosa,9
CBC 30S,2019,1,O. faveolata,5
CBC 30S,2019,1,O. franksi,1
CBC 30S,2019,1,O. annularis,8
CBC 30S,2019,1,Mycetophyllia,
CBC 30S,2019,1,Orbicella,
CBC 30S,2019,1,P. astreoides,52
CBC 30S,2019,1,P. porites,16
CBC 30S,2019,1,P. furcata,
CBC 30S,2019,1,Sid. siderea,83
CBC 30S,2019,1,Sid. radians,
CBC 30S,2019,1,Stephanocoenia,20
CBC 30S,2019,1,tot colonies,305
CBC 30S,2019,2,Ag. agaricites,62
CBC 30S,2019,2,Ag. tenufolia,2
CBC 30S,2019,2,Ag fragilis,
CBC 30S,2019,2,Ag humilis,
CBC 30S,2019,2,Colpo. natans,
CBC 30S,2019,2,Dichocoenia ,3
CBC 30S,2019,2,Dipl. clivosa,
CBC 30S,2019,2,Dipl. labyrinth.,
CBC 30S,2019,2,Dipl. strigosa,4
CBC 30S,2019,2,Eusmilia fast.,
CBC 30S,2019,2,Favia fragum,
CBC 30S,2019,2,Isophyllia,
CBC 30S,2019,2,Helio cuc.,3
CBC 30S,2019,2,Madracis mir.,
CBC 30S,2019,2,Madracis decac.,3
CBC 30S,2019,2,Meandrina mea.,3
CBC 30S,2019,2,M. cavernosa,9
CBC 30S,2019,2,O. faveolata,1
CBC 30S,2019,2,O. franksi,
CBC 30S,2019,2,O. annularis,5
CBC 30S,2019,2,Mycetophyllia,
CBC 30S,2019,2,Orbicella,
CBC 30S,2019,2,P. astreoides,29
CBC 30S,2019,2,P. porites,28
CBC 30S,2019,2,P. furcata,
CBC 30S,2019,2,Sid. siderea,59
CBC 30S,2019,2,Sid. radians,
CBC 30S,2019,2,Stephanocoenia,7
CBC 30S,2019,2,tot colonies,218
cbc 30C,2019,1,Ag. agaricites,74
cbc 30C,2019,1,Ag. tenufolia,12
cbc 30C,2019,1,Ag fragilis,
cbc 30C,2019,1,Ag humilis,
cbc 30C,2019,1,Colpo. natans,
cbc 30C,2019,1,Dichocoenia ,6
cbc 30C,2019,1,Dipl. clivosa,
cbc 30C,2019,1,Dipl. labyrinth.,
cbc 30C,2019,1,Dipl. strigosa,8
cbc 30C,2019,1,Eusmilia fast.,
cbc 30C,2019,1,Favia fragum,
cbc 30C,2019,1,Isophyllia,
cbc 30C,2019,1,Helio cuc.,
cbc 30C,2019,1,Madracis mir.,
cbc 30C,2019,1,Madracis decac.,
cbc 30C,2019,1,Meandrina mea.,2
cbc 30C,2019,1,M. cavernosa,8
cbc 30C,2019,1,O. faveolata,
cbc 30C,2019,1,O. franksi,
cbc 30C,2019,1,O. annularis,1
cbc 30C,2019,1,Mycetophyllia,
cbc 30C,2019,1,Orbicella,
cbc 30C,2019,1,P. astreoides,45
cbc 30C,2019,1,P. porites,27
cbc 30C,2019,1,P. furcata,
cbc 30C,2019,1,Sid. siderea,90
cbc 30C,2019,1,Sid. radians,2
cbc 30C,2019,1,Stephanocoenia,5
cbc 30C,2019,1,tot colonies,280
cbc 30C,2019,2,Ag. agaricites,75
cbc 30C,2019,2,Ag. tenufolia,36
cbc 30C,2019,2,Ag fragilis,
cbc 30C,2019,2,Ag humilis,
cbc 30C,2019,2,Colpo. natans,
cbc 30C,2019,2,Dichocoenia ,1
cbc 30C,2019,2,Dipl. clivosa,
cbc 30C,2019,2,Dipl. labyrinth.,
cbc 30C,2019,2,Dipl. strigosa,3
cbc 30C,2019,2,Eusmilia fast.,1
cbc 30C,2019,2,Favia fragum,
cbc 30C,2019,2,Isophyllia,
cbc 30C,2019,2,Helio cuc.,2
cbc 30C,2019,2,Madracis mir.,3
cbc 30C,2019,2,Madracis decac.,
cbc 30C,2019,2,Meandrina mea.,1
cbc 30C,2019,2,M. cavernosa,5
cbc 30C,2019,2,O. faveolata,3
cbc 30C,2019,2,O. franksi,
cbc 30C,2019,2,O. annularis,5
cbc 30C,2019,2,Mycetophyllia,
cbc 30C,2019,2,Orbicella,
cbc 30C,2019,2,P. astreoides,63
cbc 30C,2019,2,P. porites,44
cbc 30C,2019,2,P. furcata,
cbc 30C,2019,2,Sid. siderea,48
cbc 30C,2019,2,Sid. radians,
cbc 30C,2019,2,Stephanocoenia,6
cbc 30C,2019,2,tot colonies,296
cbc 30N,2019,1,Ag. agaricites,61
cbc 30N,2019,1,Ag. tenufolia,20
cbc 30N,2019,1,Ag fragilis,
cbc 30N,2019,1,Ag humilis,
cbc 30N,2019,1,Colpo. natans,
cbc 30N,2019,1,Dichocoenia ,3
cbc 30N,2019,1,Dipl. clivosa,1
cbc 30N,2019,1,Dipl. labyrinth.,
cbc 30N,2019,1,Dipl. strigosa,4
cbc 30N,2019,1,Eusmilia fast.,1
cbc 30N,2019,1,Favia fragum,
cbc 30N,2019,1,Isophyllia,
cbc 30N,2019,1,Helio cuc.,
cbc 30N,2019,1,Madracis mir.,
cbc 30N,2019,1,Madracis decac.,3
cbc 30N,2019,1,Meandrina mea.,1
cbc 30N,2019,1,M. cavernosa,6
cbc 30N,2019,1,O. faveolata,
cbc 30N,2019,1,O. franksi,
cbc 30N,2019,1,O. annularis,5
cbc 30N,2019,1,Mycetophyllia,
cbc 30N,2019,1,Orbicella,
cbc 30N,2019,1,P. astreoides,74
cbc 30N,2019,1,P. porites,5
cbc 30N,2019,1,P. furcata,
cbc 30N,2019,1,Sid. siderea,45
cbc 30N,2019,1,Sid. radians,
cbc 30N,2019,1,Stephanocoenia,8
cbc 30N,2019,1,tot colonies,237
cbc 30N,2019,2,Ag. agaricites,95
cbc 30N,2019,2,Ag. tenufolia,21
cbc 30N,2019,2,Ag fragilis,
cbc 30N,2019,2,Ag humilis,
cbc 30N,2019,2,Colpo. natans,
cbc 30N,2019,2,Dichocoenia ,
cbc 30N,2019,2,Dipl. clivosa,
cbc 30N,2019,2,Dipl. labyrinth.,
cbc 30N,2019,2,Dipl. strigosa,8
cbc 30N,2019,2,Eusmilia fast.,1
cbc 30N,2019,2,Favia fragum,
cbc 30N,2019,2,Isophyllia,
cbc 30N,2019,2,Helio cuc.,1
cbc 30N,2019,2,Madracis mir.,
cbc 30N,2019,2,Madracis decac.,
cbc 30N,2019,2,Meandrina mea.,2
cbc 30N,2019,2,M. cavernosa,6
cbc 30N,2019,2,O. faveolata,
cbc 30N,2019,2,O. franksi,
cbc 30N,2019,2,O. annularis,17
cbc 30N,2019,2,Mycetophyllia,
cbc 30N,2019,2,Orbicella,
cbc 30N,2019,2,P. astreoides,47
cbc 30N,2019,2,P. porites,10
cbc 30N,2019,2,P. furcata,
cbc 30N,2019,2,Sid. siderea,63
cbc 30N,2019,2,Sid. radians,
cbc 30N,2019,2,Stephanocoenia,10
cbc 30N,2019,2,tot colonies,281
sr 30N,2019,1,Ag. agaricites,86
sr 30N,2019,1,Ag. tenufolia,26
sr 30N,2019,1,Ag fragilis,
sr 30N,2019,1,Ag humilis,
sr 30N,2019,1,Colpo. natans,1
sr 30N,2019,1,Dichocoenia ,1
sr 30N,2019,1,Dipl. clivosa,
sr 30N,2019,1,Dipl. labyrinth.,1
sr 30N,2019,1,Dipl. strigosa,11
sr 30N,2019,1,Eusmilia fast.,
sr 30N,2019,1,Favia fragum,
sr 30N,2019,1,Isophyllia,
sr 30N,2019,1,Helio cuc.,3
sr 30N,2019,1,Madracis mir.,
sr 30N,2019,1,Madracis decac.,
sr 30N,2019,1,Meandrina mea.,1
sr 30N,2019,1,M. cavernosa,5
sr 30N,2019,1,O. faveolata,3
sr 30N,2019,1,O. franksi,
sr 30N,2019,1,O. annularis,6
sr 30N,2019,1,Mycetophyllia,2
sr 30N,2019,1,Orbicella,
sr 30N,2019,1,P. astreoides,41
sr 30N,2019,1,P. porites,16
sr 30N,2019,1,P. furcata,
sr 30N,2019,1,Sid. siderea,56
sr 30N,2019,1,Sid. radians,
sr 30N,2019,1,Stephanocoenia,4
sr 30N,2019,1,tot colonies,263
sr 30N,2019,2,Ag. agaricites,40
sr 30N,2019,2,Ag. tenufolia,10
sr 30N,2019,2,Ag fragilis,
sr 30N,2019,2,Ag humilis,1
sr 30N,2019,2,Colpo. natans,
sr 30N,2019,2,Dichocoenia ,
sr 30N,2019,2,Dipl. clivosa,
sr 30N,2019,2,Dipl. labyrinth.,
sr 30N,2019,2,Dipl. strigosa,
sr 30N,2019,2,Eusmilia fast.,
sr 30N,2019,2,Favia fragum,
sr 30N,2019,2,Isophyllia,
sr 30N,2019,2,Helio cuc.,2
sr 30N,2019,2,Madracis mir.,
sr 30N,2019,2,Madracis decac.,5
sr 30N,2019,2,Meandrina mea.,2
sr 30N,2019,2,M. cavernosa,2
sr 30N,2019,2,O. faveolata,1
sr 30N,2019,2,O. franksi,
sr 30N,2019,2,O. annularis,
sr 30N,2019,2,Mycetophyllia,1
sr 30N,2019,2,Orbicella,
sr 30N,2019,2,P. astreoides,19
sr 30N,2019,2,P. porites,22
sr 30N,2019,2,P. furcata,1
sr 30N,2019,2,Sid. siderea,35
sr 30N,2019,2,Sid. radians,
sr 30N,2019,2,Stephanocoenia,
sr 30N,2019,2,tot colonies,141
sr 30S,2019,1,Ag. agaricites,131
sr 30S,2019,1,Ag. tenufolia,13
sr 30S,2019,1,Ag fragilis,
sr 30S,2019,1,Ag humilis,
sr 30S,2019,1,Colpo. natans,
sr 30S,2019,1,Dichocoenia ,1
sr 30S,2019,1,Dipl. clivosa,
sr 30S,2019,1,Dipl. labyrinth.,
sr 30S,2019,1,Dipl. strigosa,3
sr 30S,2019,1,Eusmilia fast.,1
sr 30S,2019,1,Favia fragum,
sr 30S,2019,1,Isophyllia,
sr 30S,2019,1,Helio cuc.,3
sr 30S,2019,1,Madracis mir.,
sr 30S,2019,1,Madracis decac.,
sr 30S,2019,1,Meandrina mea.,
sr 30S,2019,1,M. cavernosa,5
sr 30S,2019,1,O. faveolata,1
sr 30S,2019,1,O. franksi,
sr 30S,2019,1,O. annularis,5
sr 30S,2019,1,Mycetophyllia,
sr 30S,2019,1,Orbicella,
sr 30S,2019,1,P. astreoides,42
sr 30S,2019,1,P. porites,22
sr 30S,2019,1,P. furcata,
sr 30S,2019,1,Sid. siderea,47
sr 30S,2019,1,Sid. radians,
sr 30S,2019,1,Stephanocoenia,4
sr 30S,2019,1,tot colonies,279
sr 30S,2019,2,Ag. agaricites,84
sr 30S,2019,2,Ag. tenufolia,19
sr 30S,2019,2,Ag fragilis,
sr 30S,2019,2,Ag humilis,
sr 30S,2019,2,Colpo. natans,
sr 30S,2019,2,Dichocoenia ,2
sr 30S,2019,2,Dipl. clivosa,
sr 30S,2019,2,Dipl. labyrinth.,
sr 30S,2019,2,Dipl. strigosa,1
sr 30S,2019,2,Eusmilia fast.,
sr 30S,2019,2,Favia fragum,
sr 30S,2019,2,Isophyllia,
sr 30S,2019,2,Helio cuc.,2
sr 30S,2019,2,Madracis mir.,
sr 30S,2019,2,Madracis decac.,2
sr 30S,2019,2,Meandrina mea.,
sr 30S,2019,2,M. cavernosa,4
sr 30S,2019,2,O. faveolata,
sr 30S,2019,2,O. franksi,
sr 30S,2019,2,O. annularis,7
sr 30S,2019,2,Mycetophyllia,
sr 30S,2019,2,Orbicella,
sr 30S,2019,2,P. astreoides,40
sr 30S,2019,2,P. porites,18
sr 30S,2019,2,P. furcata,16
sr 30S,2019,2,Sid. siderea,41
sr 30S,2019,2,Sid. radians,
sr 30S,2019,2,Stephanocoenia,3
sr 30S,2019,2,tot colonies,239
sr 30C,2019,1,Ag. agaricites,85
sr 30C,2019,1,Ag. tenufolia,13
sr 30C,2019,1,Ag fragilis,
sr 30C,2019,1,Ag humilis,
sr 30C,2019,1,Colpo. natans,
sr 30C,2019,1,Dichocoenia ,3
sr 30C,2019,1,Dipl. clivosa,
sr 30C,2019,1,Dipl. labyrinth.,
sr 30C,2019,1,Dipl. strigosa,3
sr 30C,2019,1,Eusmilia fast.,
sr 30C,2019,1,Favia fragum,1
sr 30C,2019,1,Isophyllia,
sr 30C,2019,1,Helio cuc.,1
sr 30C,2019,1,Madracis mir.,
sr 30C,2019,1,Madracis decac.,2
sr 30C,2019,1,Meandrina mea.,2
sr 30C,2019,1,M. cavernosa,2
sr 30C,2019,1,O. faveolata,2
sr 30C,2019,1,O. franksi,
sr 30C,2019,1,O. annularis,
sr 30C,2019,1,Mycetophyllia,
sr 30C,2019,1,Orbicella,1
sr 30C,2019,1,P. astreoides,50
sr 30C,2019,1,P. porites,16
sr 30C,2019,1,P. furcata,
sr 30C,2019,1,Sid. siderea,35
sr 30C,2019,1,Sid. radians,
sr 30C,2019,1,Stephanocoenia,4
sr 30C,2019,1,tot colonies,220
sr 30C,2019,2,Ag. agaricites,75
sr 30C,2019,2,Ag. tenufolia,12
sr 30C,2019,2,Ag fragilis,
sr 30C,2019,2,Ag humilis,
sr 30C,2019,2,Colpo. natans,
sr 30C,2019,2,Dichocoenia ,3
sr 30C,2019,2,Dipl. clivosa,
sr 30C,2019,2,Dipl. labyrinth.,1
sr 30C,2019,2,Dipl. strigosa,4
sr 30C,2019,2,Eusmilia fast.,1
sr 30C,2019,2,Favia fragum,
sr 30C,2019,2,Isophyllia,
sr 30C,2019,2,Helio cuc.,6
sr 30C,2019,2,Madracis mir.,
sr 30C,2019,2,Madracis decac.,13
sr 30C,2019,2,Meandrina mea.,
sr 30C,2019,2,M. cavernosa,11
sr 30C,2019,2,O. faveolata,2
sr 30C,2019,2,O. franksi,1
sr 30C,2019,2,O. annularis,9
sr 30C,2019,2,Mycetophyllia,
sr 30C,2019,2,Orbicella,
sr 30C,2019,2,P. astreoides,68
sr 30C,2019,2,P. porites,20
sr 30C,2019,2,P. furcata,14
sr 30C,2019,2,Sid. siderea,57
sr 30C,2019,2,Sid. radians,
sr 30C,2019,2,Stephanocoenia,9
sr 30C,2019,2,tot colonies,306
cbc lagoon patch,2019,1,Ag. agaricites,63
cbc lagoon patch,2019,1,Ag. tenufolia,76
cbc lagoon patch,2019,1,Ag fragilis,1
cbc lagoon patch,2019,1,Ag humilis,
cbc lagoon patch,2019,1,Colpo. natans,1
cbc lagoon patch,2019,1,Dichocoenia ,5
cbc lagoon patch,2019,1,Dipl. clivosa,
cbc lagoon patch,2019,1,Dipl. labyrinth.,4
cbc lagoon patch,2019,1,Dipl. strigosa,
cbc lagoon patch,2019,1,Eusmilia fast.,2
cbc lagoon patch,2019,1,Favia fragum,
cbc lagoon patch,2019,1,Isophyllia,
cbc lagoon patch,2019,1,Helio cuc.,
cbc lagoon patch,2019,1,Madracis mir.,
cbc lagoon patch,2019,1,Madracis decac.,
cbc lagoon patch,2019,1,Meandrina mea.,1
cbc lagoon patch,2019,1,M. cavernosa,8
cbc lagoon patch,2019,1,O. faveolata,2
cbc lagoon patch,2019,1,O. franksi,
cbc lagoon patch,2019,1,O. annularis,1
cbc lagoon patch,2019,1,Mycetophyllia,
cbc lagoon patch,2019,1,Orbicella,
cbc lagoon patch,2019,1,P. astreoides,60
cbc lagoon patch,2019,1,P. porites,17
cbc lagoon patch,2019,1,P. furcata,
cbc lagoon patch,2019,1,Sid. siderea,51
cbc lagoon patch,2019,1,Sid. radians,1
cbc lagoon patch,2019,1,Stephanocoenia,3
cbc lagoon patch,2019,1,tot colonies,296
cbc lagoon patch,2019,2,Ag. agaricites,76
cbc lagoon patch,2019,2,Ag. tenufolia,67
cbc lagoon patch,2019,2,Ag fragilis,
cbc lagoon patch,2019,2,Ag humilis,
cbc lagoon patch,2019,2,Colpo. natans,
cbc lagoon patch,2019,2,Dichocoenia ,1
cbc lagoon patch,2019,2,Dipl. clivosa,
cbc lagoon patch,2019,2,Dipl. labyrinth.,
cbc lagoon patch,2019,2,Dipl. strigosa,3
cbc lagoon patch,2019,2,Eusmilia fast.,3
cbc lagoon patch,2019,2,Favia fragum,
cbc lagoon patch,2019,2,Isophyllia,
cbc lagoon patch,2019,2,Helio cuc.,
cbc lagoon patch,2019,2,Madracis mir.,
cbc lagoon patch,2019,2,Madracis decac.,5
cbc lagoon patch,2019,2,Meandrina mea.,
cbc lagoon patch,2019,2,M. cavernosa,8
cbc lagoon patch,2019,2,O. faveolata,2
cbc lagoon patch,2019,2,O. franksi,
cbc lagoon patch,2019,2,O. annularis,11
cbc lagoon patch,2019,2,Mycetophyllia,
cbc lagoon patch,2019,2,Orbicella,
cbc lagoon patch,2019,2,P. astreoides,41
cbc lagoon patch,2019,2,P. porites,22
cbc lagoon patch,2019,2,P. furcata,
cbc lagoon patch,2019,2,Sid. siderea,43
cbc lagoon patch,2019,2,Sid. radians,1
cbc lagoon patch,2019,2,Stephanocoenia,3
cbc lagoon patch,2019,2,tot colonies,286
southwater,2019,1,Ag. agaricites,111
southwater,2019,1,Ag. tenufolia,2
southwater,2019,1,Ag fragilis,
southwater,2019,1,Ag humilis,
southwater,2019,1,Colpo. natans,
southwater,2019,1,Dichocoenia ,2
southwater,2019,1,Dipl. clivosa,
southwater,2019,1,Dipl. labyrinth.,2
southwater,2019,1,Dipl. strigosa,14
southwater,2019,1,Eusmilia fast.,
southwater,2019,1,Favia fragum,
southwater,2019,1,Isophyllia,
southwater,2019,1,Helio cuc.,1
southwater,2019,1,Madracis mir.,
southwater,2019,1,Madracis decac.,1
southwater,2019,1,Meandrina mea.,
southwater,2019,1,M. cavernosa,12
southwater,2019,1,O. faveolata,
southwater,2019,1,O. franksi,1
southwater,2019,1,O. annularis,2
southwater,2019,1,Mycetophyllia,
southwater,2019,1,Orbicella,
southwater,2019,1,P. astreoides,60
southwater,2019,1,P. porites,8
southwater,2019,1,P. furcata,
southwater,2019,1,Sid. siderea,57
southwater,2019,1,Sid. radians,1
southwater,2019,1,Stephanocoenia,7
southwater,2019,1,tot colonies,281
southwater,2019,2,Ag. agaricites,94
southwater,2019,2,Ag. tenufolia,13
southwater,2019,2,Ag fragilis,
southwater,2019,2,Ag humilis,
southwater,2019,2,Colpo. natans,
southwater,2019,2,Dichocoenia ,4
southwater,2019,2,Dipl. clivosa,
southwater,2019,2,Dipl. labyrinth.,2
southwater,2019,2,Dipl. strigosa,7
southwater,2019,2,Eusmilia fast.,2
southwater,2019,2,Favia fragum,
southwater,2019,2,Isophyllia,
southwater,2019,2,Helio cuc.,1
southwater,2019,2,Madracis mir.,
southwater,2019,2,Madracis decac.,
southwater,2019,2,Meandrina mea.,
southwater,2019,2,M. cavernosa,1
southwater,2019,2,O. faveolata,
southwater,2019,2,O. franksi,
southwater,2019,2,O. annularis,1
southwater,2019,2,Mycetophyllia,
southwater,2019,2,Orbicella,3
southwater,2019,2,P. astreoides,32
southwater,2019,2,P. porites,9
southwater,2019,2,P. furcata,
southwater,2019,2,Sid. siderea,77
southwater,2019,2,Sid. radians,
southwater,2019,2,Stephanocoenia,2
southwater,2019,2,tot colonies,248
sr disease,2019,1,Ag. agaricites,150
sr disease,2019,1,Ag. tenufolia,4
sr disease,2019,1,Ag fragilis,
sr disease,2019,1,Ag humilis,
sr disease,2019,1,Colpo. natans,
sr disease,2019,1,Dichocoenia ,1
sr disease,2019,1,Dipl. clivosa,
sr disease,2019,1,Dipl. labyrinth.,
sr disease,2019,1,Dipl. strigosa,7
sr disease,2019,1,Eusmilia fast.,1
sr disease,2019,1,Favia fragum,
sr disease,2019,1,Isophyllia,
sr disease,2019,1,Helio cuc.,2
sr disease,2019,1,Madracis mir.,
sr disease,2019,1,Madracis decac.,
sr disease,2019,1,Meandrina mea.,1
sr disease,2019,1,M. cavernosa,4
sr disease,2019,1,O. faveolata,1
sr disease,2019,1,O. franksi,
sr disease,2019,1,O. annularis,2
sr disease,2019,1,Mycetophyllia,
sr disease,2019,1,Orbicella,
sr disease,2019,1,P. astreoides,62
sr disease,2019,1,P. porites,20
sr disease,2019,1,P. furcata,
sr disease,2019,1,Sid. siderea,79
sr disease,2019,1,Sid. radians,
sr disease,2019,1,Stephanocoenia,4
sr disease,2019,1,tot colonies,338
sr disease,2019,2,Ag. agaricites,142
sr disease,2019,2,Ag. tenufolia,9
sr disease,2019,2,Ag fragilis,
sr disease,2019,2,Ag humilis,
sr disease,2019,2,Colpo. natans,1
sr disease,2019,2,Dichocoenia ,2
sr disease,2019,2,Dipl. clivosa,
sr disease,2019,2,Dipl. labyrinth.,1
sr disease,2019,2,Dipl. strigosa,2
sr disease,2019,2,Eusmilia fast.,
sr disease,2019,2,Favia fragum,
sr disease,2019,2,Isophyllia,1
sr disease,2019,2,Helio cuc.,1
sr disease,2019,2,Madracis mir.,
sr disease,2019,2,Madracis decac.,
sr disease,2019,2,Meandrina mea.,
sr disease,2019,2,M. cavernosa,10
sr disease,2019,2,O. faveolata,
sr disease,2019,2,O. franksi,
sr disease,2019,2,O. annularis,13
sr disease,2019,2,Mycetophyllia,
sr disease,2019,2,Orbicella,1
sr disease,2019,2,P. astreoides,55
sr disease,2019,2,P. porites,38
sr disease,2019,2,P. furcata,
sr disease,2019,2,Sid. siderea,63
sr disease,2019,2,Sid. radians,
sr disease,2019,2,Stephanocoenia,5
sr disease,2019,2,tot colonies,344
SW,2022,1,Ag. agaricites,43
SW,2022,1,Ag. tenufolia,9
SW,2022,1,Ag fragilis,
SW,2022,1,Ag humilis,
SW,2022,1,Colpo. natans,
SW,2022,1,Dichocoenia ,
SW,2022,1,Dipl. clivosa,
SW,2022,1,Dipl. labyrinth.,
SW,2022,1,Dipl. strigosa,3
SW,2022,1,Eusmilia fast.,1
SW,2022,1,Favia fragum,
SW,2022,1,Isophyllia,
SW,2022,1,Helio cuc.,
SW,2022,1,Madracis mir.,
SW,2022,1,Madracis decac.,
SW,2022,1,Meandrina mea.,
SW,2022,1,M. cavernosa,
SW,2022,1,O. faveolata,1
SW,2022,1,O. franksi,
SW,2022,1,O. annularis,26
SW,2022,1,Mycetophyllia,
SW,2022,1,Orbicella,
SW,2022,1,P. astreoides,13
SW,2022,1,P. porites,17
SW,2022,1,P. furcata,
SW,2022,1,Sid. siderea,8
SW,2022,1,Sid. radians,
SW,2022,1,Stephanocoenia,4
SW,2022,1,tot colonies,121
SW,2022,2,Ag. agaricites,89
SW,2022,2,Ag. tenufolia,
SW,2022,2,Ag fragilis,
SW,2022,2,Ag humilis,
SW,2022,2,Colpo. natans,
SW,2022,2,Dichocoenia ,
SW,2022,2,Dipl. clivosa,
SW,2022,2,Dipl. labyrinth.,
SW,2022,2,Dipl. strigosa,5
SW,2022,2,Eusmilia fast.,
SW,2022,2,Favia fragum,
SW,2022,2,Isophyllia,
SW,2022,2,Helio cuc.,
SW,2022,2,Madracis mir.,
SW,2022,2,Madracis decac.,
SW,2022,2,Meandrina mea.,
SW,2022,2,M. cavernosa,1
SW,2022,2,O. faveolata,1
SW,2022,2,O. franksi,
SW,2022,2,O. annularis,7
SW,2022,2,Mycetophyllia,
SW,2022,2,Orbicella,
SW,2022,2,P. astreoides,57
SW,2022,2,P. porites,17
SW,2022,2,P. furcata,
SW,2022,2,Sid. siderea,12
SW,2022,2,Sid. radians,
SW,2022,2,Stephanocoenia,12
SW,2022,2,tot colonies,201
sr disease,2022,1,Ag. agaricites,73
sr disease,2022,1,Ag. tenufolia,24
sr disease,2022,1,Ag fragilis,
sr disease,2022,1,Ag humilis,
sr disease,2022,1,Colpo. natans,
sr disease,2022,1,Dichocoenia ,
sr disease,2022,1,Dipl. clivosa,
sr disease,2022,1,Dipl. labyrinth.,
sr disease,2022,1,Dipl. strigosa,2
sr disease,2022,1,Eusmilia fast.,
sr disease,2022,1,Favia fragum,
sr disease,2022,1,Isophyllia,
sr disease,2022,1,Helio cuc.,1
sr disease,2022,1,Madracis mir.,
sr disease,2022,1,Madracis decac.,
sr disease,2022,1,Meandrina mea.,
sr disease,2022,1,M. cavernosa,2
sr disease,2022,1,O. faveolata,
sr disease,2022,1,O. franksi,1
sr disease,2022,1,O. annularis,1
sr disease,2022,1,Mycetophyllia,
sr disease,2022,1,Orbicella,
sr disease,2022,1,P. astreoides,28
sr disease,2022,1,P. porites,40
sr disease,2022,1,P. furcata,
sr disease,2022,1,Sid. siderea,24
sr disease,2022,1,Sid. radians,
sr disease,2022,1,Stephanocoenia,4
sr disease,2022,1,tot colonies,200
sr disease,2022,2,Ag. agaricites,92
sr disease,2022,2,Ag. tenufolia,36
sr disease,2022,2,Ag fragilis,1
sr disease,2022,2,Ag humilis,
sr disease,2022,2,Colpo. natans,
sr disease,2022,2,Dichocoenia ,
sr disease,2022,2,Dipl. clivosa,
sr disease,2022,2,Dipl. labyrinth.,2
sr disease,2022,2,Dipl. strigosa,5
sr disease,2022,2,Eusmilia fast.,
sr disease,2022,2,Favia fragum,
sr disease,2022,2,Isophyllia,
sr disease,2022,2,Helio cuc.,
sr disease,2022,2,Madracis mir.,
sr disease,2022,2,Madracis decac.,
sr disease,2022,2,Meandrina mea.,
sr disease,2022,2,M. cavernosa,3
sr disease,2022,2,O. faveolata,
sr disease,2022,2,O. franksi,
sr disease,2022,2,O. annularis,
sr disease,2022,2,Mycetophyllia,
sr disease,2022,2,Orbicella,
sr disease,2022,2,P. astreoides,47
sr disease,2022,2,P. porites,23
sr disease,2022,2,P. furcata,
sr disease,2022,2,Sid. siderea,22
sr disease,2022,2,Sid. radians,1
sr disease,2022,2,Stephanocoenia,3
sr disease,2022,2,tot colonies,235
sr 30S,2022,1,Ag. agaricites,84
sr 30S,2022,1,Ag. tenufolia,28
sr 30S,2022,1,Ag fragilis,
sr 30S,2022,1,Ag humilis,
sr 30S,2022,1,Colpo. natans,
sr 30S,2022,1,Dichocoenia ,
sr 30S,2022,1,Dipl. clivosa,
sr 30S,2022,1,Dipl. labyrinth.,
sr 30S,2022,1,Dipl. strigosa,2
sr 30S,2022,1,Eusmilia fast.,
sr 30S,2022,1,Favia fragum,
sr 30S,2022,1,Isophyllia,
sr 30S,2022,1,Helio cuc.,2
sr 30S,2022,1,Madracis mir.,
sr 30S,2022,1,Madracis decac.,
sr 30S,2022,1,Meandrina mea.,
sr 30S,2022,1,M. cavernosa,1
sr 30S,2022,1,O. faveolata,4
sr 30S,2022,1,O. franksi,
sr 30S,2022,1,O. annularis,17
sr 30S,2022,1,Mycetophyllia,
sr 30S,2022,1,Orbicella,
sr 30S,2022,1,P. astreoides,34
sr 30S,2022,1,P. porites,34
sr 30S,2022,1,P. furcata,
sr 30S,2022,1,Sid. siderea,31
sr 30S,2022,1,Sid. radians,
sr 30S,2022,1,Stephanocoenia,1
sr 30S,2022,1,tot colonies,238
sr 30S,2022,2,Ag. agaricites,86
sr 30S,2022,2,Ag. tenufolia,11
sr 30S,2022,2,Ag fragilis,
sr 30S,2022,2,Ag humilis,
sr 30S,2022,2,Colpo. natans,
sr 30S,2022,2,Dichocoenia ,
sr 30S,2022,2,Dipl. clivosa,
sr 30S,2022,2,Dipl. labyrinth.,
sr 30S,2022,2,Dipl. strigosa,2
sr 30S,2022,2,Eusmilia fast.,
sr 30S,2022,2,Favia fragum,
sr 30S,2022,2,Isophyllia,
sr 30S,2022,2,Helio cuc.,
sr 30S,2022,2,Madracis mir.,
sr 30S,2022,2,Madracis decac.,
sr 30S,2022,2,Meandrina mea.,
sr 30S,2022,2,M. cavernosa,2
sr 30S,2022,2,O. faveolata,2
sr 30S,2022,2,O. franksi,
sr 30S,2022,2,O. annularis,4
sr 30S,2022,2,Mycetophyllia,
sr 30S,2022,2,Orbicella,
sr 30S,2022,2,P. astreoides,43
sr 30S,2022,2,P. porites,15
sr 30S,2022,2,P. furcata,
sr 30S,2022,2,Sid. siderea,16
sr 30S,2022,2,Sid. radians,
sr 30S,2022,2,Stephanocoenia,1
sr 30S,2022,2,tot colonies,182
sr30C,2022,1,Ag. agaricites,51
sr30C,2022,1,Ag. tenufolia,15
sr30C,2022,1,Ag fragilis,1
sr30C,2022,1,Ag humilis,
sr30C,2022,1,Colpo. natans,
sr30C,2022,1,Dichocoenia ,
sr30C,2022,1,Dipl. clivosa,
sr30C,2022,1,Dipl. labyrinth.,
sr30C,2022,1,Dipl. strigosa,
sr30C,2022,1,Eusmilia fast.,
sr30C,2022,1,Favia fragum,
sr30C,2022,1,Isophyllia,
sr30C,2022,1,Helio cuc.,
sr30C,2022,1,Madracis mir.,
sr30C,2022,1,Madracis decac.,
sr30C,2022,1,Meandrina mea.,
sr30C,2022,1,M. cavernosa,1
sr30C,2022,1,O. faveolata,2
sr30C,2022,1,O. franksi,
sr30C,2022,1,O. annularis,3
sr30C,2022,1,Mycetophyllia,
sr30C,2022,1,Orbicella,
sr30C,2022,1,P. astreoides,60
sr30C,2022,1,P. porites,21
sr30C,2022,1,P. furcata,
sr30C,2022,1,Sid. siderea,17
sr30C,2022,1,Sid. radians,
sr30C,2022,1,Stephanocoenia,1
sr30C,2022,1,tot colonies,172
sr30C,2022,2,Ag. agaricites,69
sr30C,2022,2,Ag. tenufolia,11
sr30C,2022,2,Ag fragilis,
sr30C,2022,2,Ag humilis,
sr30C,2022,2,Colpo. natans,
sr30C,2022,2,Dichocoenia ,1
sr30C,2022,2,Dipl. clivosa,
sr30C,2022,2,Dipl. labyrinth.,2
sr30C,2022,2,Dipl. strigosa,3
sr30C,2022,2,Eusmilia fast.,
sr30C,2022,2,Favia fragum,
sr30C,2022,2,Isophyllia,
sr30C,2022,2,Helio cuc.,3
sr30C,2022,2,Madracis mir.,
sr30C,2022,2,Madracis decac.,2
sr30C,2022,2,Meandrina mea.,
sr30C,2022,2,M. cavernosa,3
sr30C,2022,2,O. faveolata,
sr30C,2022,2,O. franksi,
sr30C,2022,2,O. annularis,16
sr30C,2022,2,Mycetophyllia,
sr30C,2022,2,Orbicella,
sr30C,2022,2,P. astreoides,48
sr30C,2022,2,P. porites,35
sr30C,2022,2,P. furcata,
sr30C,2022,2,Sid. siderea,22
sr30C,2022,2,Sid. radians,1
sr30C,2022,2,Stephanocoenia,3
sr30C,2022,2,tot colonies,219
sr 30N,2022,1,Ag. agaricites,44
sr 30N,2022,1,Ag. tenufolia,19
sr 30N,2022,1,Ag fragilis,1
sr 30N,2022,1,Ag humilis,
sr 30N,2022,1,Colpo. natans,
sr 30N,2022,1,Dichocoenia ,
sr 30N,2022,1,Dipl. clivosa,
sr 30N,2022,1,Dipl. labyrinth.,
sr 30N,2022,1,Dipl. strigosa,1
sr 30N,2022,1,Eusmilia fast.,
sr 30N,2022,1,Favia fragum,
sr 30N,2022,1,Isophyllia,
sr 30N,2022,1,Helio cuc.,
sr 30N,2022,1,Madracis mir.,
sr 30N,2022,1,Madracis decac.,
sr 30N,2022,1,Meandrina mea.,
sr 30N,2022,1,M. cavernosa,3
sr 30N,2022,1,O. faveolata,1
sr 30N,2022,1,O. franksi,
sr 30N,2022,1,O. annularis,5
sr 30N,2022,1,Mycetophyllia,
sr 30N,2022,1,Orbicella,
sr 30N,2022,1,P. astreoides,29
sr 30N,2022,1,P. porites,16
sr 30N,2022,1,P. furcata,
sr 30N,2022,1,Sid. siderea,20
sr 30N,2022,1,Sid. radians,
sr 30N,2022,1,Stephanocoenia,5
sr 30N,2022,1,tot colonies,144
sr 30N,2022,2,Ag. agaricites,52
sr 30N,2022,2,Ag. tenufolia,16
sr 30N,2022,2,Ag fragilis,
sr 30N,2022,2,Ag humilis,
sr 30N,2022,2,Colpo. natans,
sr 30N,2022,2,Dichocoenia ,1
sr 30N,2022,2,Dipl. clivosa,
sr 30N,2022,2,Dipl. labyrinth.,2
sr 30N,2022,2,Dipl. strigosa,
sr 30N,2022,2,Eusmilia fast.,
sr 30N,2022,2,Favia fragum,
sr 30N,2022,2,Isophyllia,
sr 30N,2022,2,Helio cuc.,
sr 30N,2022,2,Madracis mir.,1
sr 30N,2022,2,Madracis decac.,8
sr 30N,2022,2,Meandrina mea.,
sr 30N,2022,2,M. cavernosa,5
sr 30N,2022,2,O. faveolata,3
sr 30N,2022,2,O. franksi,5
sr 30N,2022,2,O. annularis,5
sr 30N,2022,2,Mycetophyllia,
sr 30N,2022,2,Orbicella,
sr 30N,2022,2,P. astreoides,32
sr 30N,2022,2,P. porites,45
sr 30N,2022,2,P. furcata,
sr 30N,2022,2,Sid. siderea,28
sr 30N,2022,2,Sid. radians,
sr 30N,2022,2,Stephanocoenia,4
sr 30N,2022,2,tot colonies,207
cbc 30C,2022,1,Ag. agaricites,61
cbc 30C,2022,1,Ag. tenufolia,27
cbc 30C,2022,1,Ag fragilis,
cbc 30C,2022,1,Ag humilis,
cbc 30C,2022,1,Colpo. natans,
cbc 30C,2022,1,Dichocoenia ,
cbc 30C,2022,1,Dipl. clivosa,
cbc 30C,2022,1,Dipl. labyrinth.,1
cbc 30C,2022,1,Dipl. strigosa,
cbc 30C,2022,1,Eusmilia fast.,
cbc 30C,2022,1,Favia fragum,
cbc 30C,2022,1,Isophyllia,
cbc 30C,2022,1,Helio cuc.,
cbc 30C,2022,1,Madracis mir.,
cbc 30C,2022,1,Madracis decac.,
cbc 30C,2022,1,Meandrina mea.,
cbc 30C,2022,1,M. cavernosa,1
cbc 30C,2022,1,O. faveolata,6
cbc 30C,2022,1,O. franksi,
cbc 30C,2022,1,O. annularis,3
cbc 30C,2022,1,Mycetophyllia,
cbc 30C,2022,1,Orbicella,
cbc 30C,2022,1,P. astreoides,60
cbc 30C,2022,1,P. porites,32
cbc 30C,2022,1,P. furcata,
cbc 30C,2022,1,Sid. siderea,29
cbc 30C,2022,1,Sid. radians,3
cbc 30C,2022,1,Stephanocoenia,2
cbc 30C,2022,1,tot colonies,225
cbc 30C,2022,2,Ag. agaricites,64
cbc 30C,2022,2,Ag. tenufolia,36
cbc 30C,2022,2,Ag fragilis,
cbc 30C,2022,2,Ag humilis,
cbc 30C,2022,2,Colpo. natans,
cbc 30C,2022,2,Dichocoenia ,
cbc 30C,2022,2,Dipl. clivosa,
cbc 30C,2022,2,Dipl. labyrinth.,2
cbc 30C,2022,2,Dipl. strigosa,4
cbc 30C,2022,2,Eusmilia fast.,
cbc 30C,2022,2,Favia fragum,
cbc 30C,2022,2,Isophyllia,
cbc 30C,2022,2,Helio cuc.,3
cbc 30C,2022,2,Madracis mir.,
cbc 30C,2022,2,Madracis decac.,
cbc 30C,2022,2,Meandrina mea.,
cbc 30C,2022,2,M. cavernosa,1
cbc 30C,2022,2,O. faveolata,4
cbc 30C,2022,2,O. franksi,
cbc 30C,2022,2,O. annularis,1
cbc 30C,2022,2,Mycetophyllia,
cbc 30C,2022,2,Orbicella,
cbc 30C,2022,2,P. astreoides,45
cbc 30C,2022,2,P. porites,11
cbc 30C,2022,2,P. furcata,
cbc 30C,2022,2,Sid. siderea,20
cbc 30C,2022,2,Sid. radians,1
cbc 30C,2022,2,Stephanocoenia,4
cbc 30C,2022,2,tot colonies,196
cbc 30N,2022,1,Ag. agaricites,43
cbc 30N,2022,1,Ag. tenufolia,23
cbc 30N,2022,1,Ag fragilis,
cbc 30N,2022,1,Ag humilis,
cbc 30N,2022,1,Colpo. natans,
cbc 30N,2022,1,Dichocoenia ,
cbc 30N,2022,1,Dipl. clivosa,
cbc 30N,2022,1,Dipl. labyrinth.,
cbc 30N,2022,1,Dipl. strigosa,
cbc 30N,2022,1,Eusmilia fast.,
cbc 30N,2022,1,Favia fragum,
cbc 30N,2022,1,Isophyllia,
cbc 30N,2022,1,Helio cuc.,
cbc 30N,2022,1,Madracis mir.,
cbc 30N,2022,1,Madracis decac.,3
cbc 30N,2022,1,Meandrina mea.,
cbc 30N,2022,1,M. cavernosa,2
cbc 30N,2022,1,O. faveolata,2
cbc 30N,2022,1,O. franksi,1
cbc 30N,2022,1,O. annularis,3
cbc 30N,2022,1,Mycetophyllia,
cbc 30N,2022,1,Orbicella,
cbc 30N,2022,1,P. astreoides,59
cbc 30N,2022,1,P. porites,8
cbc 30N,2022,1,P. furcata,
cbc 30N,2022,1,Sid. siderea,25
cbc 30N,2022,1,Sid. radians,1
cbc 30N,2022,1,Stephanocoenia,9
cbc 30N,2022,1,tot colonies,179
cbc 30N,2022,2,Ag. agaricites,104
cbc 30N,2022,2,Ag. tenufolia,11
cbc 30N,2022,2,Ag fragilis,
cbc 30N,2022,2,Ag humilis,
cbc 30N,2022,2,Colpo. natans,
cbc 30N,2022,2,Dichocoenia ,1
cbc 30N,2022,2,Dipl. clivosa,
cbc 30N,2022,2,Dipl. labyrinth.,
cbc 30N,2022,2,Dipl. strigosa,5
cbc 30N,2022,2,Eusmilia fast.,
cbc 30N,2022,2,Favia fragum,
cbc 30N,2022,2,Isophyllia,
cbc 30N,2022,2,Helio cuc.,2
cbc 30N,2022,2,Madracis mir.,
cbc 30N,2022,2,Madracis decac.,1
cbc 30N,2022,2,Meandrina mea.,
cbc 30N,2022,2,M. cavernosa,3
cbc 30N,2022,2,O. faveolata,1
cbc 30N,2022,2,O. franksi,
cbc 30N,2022,2,O. annularis,15
cbc 30N,2022,2,Mycetophyllia,
cbc 30N,2022,2,Orbicella,
cbc 30N,2022,2,P. astreoides,66
cbc 30N,2022,2,P. porites,10
cbc 30N,2022,2,P. furcata,
cbc 30N,2022,2,Sid. siderea,25
cbc 30N,2022,2,Sid. radians,
cbc 30N,2022,2,Stephanocoenia,13
cbc 30N,2022,2,tot colonies,257
cbc lagoon reef,2022,1,Ag. agaricites,25
cbc lagoon reef,2022,1,Ag. tenufolia,77
cbc lagoon reef,2022,1,Ag fragilis,
cbc lagoon reef,2022,1,Ag humilis,
cbc lagoon reef,2022,1,Colpo. natans,
cbc lagoon reef,2022,1,Dichocoenia ,
cbc lagoon reef,2022,1,Dipl. clivosa,
cbc lagoon reef,2022,1,Dipl. labyrinth.,
cbc lagoon reef,2022,1,Dipl. strigosa,1
cbc lagoon reef,2022,1,Eusmilia fast.,
cbc lagoon reef,2022,1,Favia fragum,
cbc lagoon reef,2022,1,Isophyllia,
cbc lagoon reef,2022,1,Helio cuc.,
cbc lagoon reef,2022,1,Madracis mir.,
cbc lagoon reef,2022,1,Madracis decac.,
cbc lagoon reef,2022,1,Meandrina mea.,
cbc lagoon reef,2022,1,M. cavernosa,3
cbc lagoon reef,2022,1,O. faveolata,1
cbc lagoon reef,2022,1,O. franksi,
cbc lagoon reef,2022,1,O. annularis,2
cbc lagoon reef,2022,1,Mycetophyllia,
cbc lagoon reef,2022,1,Orbicella,
cbc lagoon reef,2022,1,P. astreoides,38
cbc lagoon reef,2022,1,P. porites,12
cbc lagoon reef,2022,1,P. furcata,
cbc lagoon reef,2022,1,Sid. siderea,16
cbc lagoon reef,2022,1,Sid. radians,
cbc lagoon reef,2022,1,Stephanocoenia,
cbc lagoon reef,2022,1,tot colonies,175
cbc lagoon reef,2022,2,Ag. agaricites,35
cbc lagoon reef,2022,2,Ag. tenufolia,56
cbc lagoon reef,2022,2,Ag fragilis,
cbc lagoon reef,2022,2,Ag humilis,
cbc lagoon reef,2022,2,Colpo. natans,
cbc lagoon reef,2022,2,Dichocoenia ,
cbc lagoon reef,2022,2,Dipl. clivosa,
cbc lagoon reef,2022,2,Dipl. labyrinth.,
cbc lagoon reef,2022,2,Dipl. strigosa,
cbc lagoon reef,2022,2,Eusmilia fast.,
cbc lagoon reef,2022,2,Favia fragum,
cbc lagoon reef,2022,2,Isophyllia,
cbc lagoon reef,2022,2,Helio cuc.,
cbc lagoon reef,2022,2,Madracis mir.,
cbc lagoon reef,2022,2,Madracis decac.,
cbc lagoon reef,2022,2,Meandrina mea.,
cbc lagoon reef,2022,2,M. cavernosa,4
cbc lagoon reef,2022,2,O. faveolata,2
cbc lagoon reef,2022,2,O. franksi,
cbc lagoon reef,2022,2,O. annularis,29
cbc lagoon reef,2022,2,Mycetophyllia,
cbc lagoon reef,2022,2,Orbicella,
cbc lagoon reef,2022,2,P. astreoides,25
cbc lagoon reef,2022,2,P. porites,9
cbc lagoon reef,2022,2,P. furcata,
cbc lagoon reef,2022,2,Sid. siderea,12
cbc lagoon reef,2022,2,Sid. radians,
cbc lagoon reef,2022,2,Stephanocoenia,1
cbc lagoon reef,2022,2,tot colonies,173
cbc 30S,2022,1,Ag. agaricites,32
cbc 30S,2022,1,Ag. tenufolia,16
cbc 30S,2022,1,Ag fragilis,
cbc 30S,2022,1,Ag humilis,
cbc 30S,2022,1,Colpo. natans,
cbc 30S,2022,1,Dichocoenia ,
cbc 30S,2022,1,Dipl. clivosa,
cbc 30S,2022,1,Dipl. labyrinth.,
cbc 30S,2022,1,Dipl. strigosa,1
cbc 30S,2022,1,Eusmilia fast.,
cbc 30S,2022,1,Favia fragum,
cbc 30S,2022,1,Isophyllia,
cbc 30S,2022,1,Helio cuc.,
cbc 30S,2022,1,Madracis mir.,
cbc 30S,2022,1,Madracis decac.,
cbc 30S,2022,1,Meandrina mea.,
cbc 30S,2022,1,M. cavernosa,3
cbc 30S,2022,1,O. faveolata,4
cbc 30S,2022,1,O. franksi,
cbc 30S,2022,1,O. annularis,3
cbc 30S,2022,1,Mycetophyllia,
cbc 30S,2022,1,Orbicella,
cbc 30S,2022,1,P. astreoides,27
cbc 30S,2022,1,P. porites,10
cbc 30S,2022,1,P. furcata,
cbc 30S,2022,1,Sid. siderea,34
cbc 30S,2022,1,Sid. radians,
cbc 30S,2022,1,Stephanocoenia,11
cbc 30S,2022,1,tot colonies,141
cbc 30S,2022,2,Ag. agaricites,43
cbc 30S,2022,2,Ag. tenufolia,2
cbc 30S,2022,2,Ag fragilis,
cbc 30S,2022,2,Ag humilis,
cbc 30S,2022,2,Colpo. natans,
cbc 30S,2022,2,Dichocoenia ,
cbc 30S,2022,2,Dipl. clivosa,
cbc 30S,2022,2,Dipl. labyrinth.,1
cbc 30S,2022,2,Dipl. strigosa,
cbc 30S,2022,2,Eusmilia fast.,
cbc 30S,2022,2,Favia fragum,
cbc 30S,2022,2,Isophyllia,
cbc 30S,2022,2,Helio cuc.,
cbc 30S,2022,2,Madracis mir.,
cbc 30S,2022,2,Madracis decac.,
cbc 30S,2022,2,Meandrina mea.,
cbc 30S,2022,2,M. cavernosa,1
cbc 30S,2022,2,O. faveolata,5
cbc 30S,2022,2,O. franksi,1
cbc 30S,2022,2,O. annularis,1
cbc 30S,2022,2,Mycetophyllia,
cbc 30S,2022,2,Orbicella,
cbc 30S,2022,2,P. astreoides,21
cbc 30S,2022,2,P. porites,1
cbc 30S,2022,2,P. furcata,
cbc 30S,2022,2,Sid. siderea,27
cbc 30S,2022,2,Sid. radians,
cbc 30S,2022,2,Stephanocoenia,7
cbc 30S,2022,2,tot colonies,110
SR30 S,2024,1,Ag. agaricites,25
SR30 S,2024,1,Ag. tenufolia,0
SR30 S,2024,1,Ag fragilis,0
SR30 S,2024,1,Ag humilis,3
SR30 S,2024,1,Colpo. natans,0
SR30 S,2024,1,Dichocoenia ,0
SR30 S,2024,1,Dipl. clivosa,0
SR30 S,2024,1,Dipl. labyrinth.,0
SR30 S,2024,1,Dipl. strigosa,0
SR30 S,2024,1,Eusmilia fast.,0
SR30 S,2024,1,Favia fragum,0
SR30 S,2024,1,Isophyllia,0
SR30 S,2024,1,Helio cuc.,0
SR30 S,2024,1,Madracis mir.,0
SR30 S,2024,1,Madracis decac.,0
SR30 S,2024,1,Meandrina mea.,0
SR30 S,2024,1,M. cavernosa,0
SR30 S,2024,1,O. faveolata,9
SR30 S,2024,1,O. franksi,0
SR30 S,2024,1,O. annularis,0
SR30 S,2024,1,Mycetophyllia,0
SR30 S,2024,1,Orbicella,0
SR30 S,2024,1,P. astreoides,42
SR30 S,2024,1,P. porites,8
SR30 S,2024,1,P. furcata,0
SR30 S,2024,1,Sid. siderea,17
SR30 S,2024,1,Sid. radians,0
SR30 S,2024,1,Stephanocoenia,2
SR30 S,2024,1,tot colonies,106
SR30 S,2024,2,Ag. agaricites,11
SR30 S,2024,2,Ag. tenufolia,3
SR30 S,2024,2,Ag fragilis,0
SR30 S,2024,2,Ag humilis,2
SR30 S,2024,2,Colpo. natans,0
SR30 S,2024,2,Dichocoenia ,0
SR30 S,2024,2,Dipl. clivosa,0
SR30 S,2024,2,Dipl. labyrinth.,0
SR30 S,2024,2,Dipl. strigosa,3
SR30 S,2024,2,Eusmilia fast.,0
SR30 S,2024,2,Favia fragum,0
SR30 S,2024,2,Isophyllia,1
SR30 S,2024,2,Helio cuc.,0
SR30 S,2024,2,Madracis mir.,0
SR30 S,2024,2,Madracis decac.,0
SR30 S,2024,2,Meandrina mea.,0
SR30 S,2024,2,M. cavernosa,1
SR30 S,2024,2,O. faveolata,0
SR30 S,2024,2,O. franksi,0
SR30 S,2024,2,O. annularis,2
SR30 S,2024,2,Mycetophyllia,0
SR30 S,2024,2,Orbicella,0
SR30 S,2024,2,P. astreoides,20
SR30 S,2024,2,P. porites,0
SR30 S,2024,2,P. furcata,0
SR30 S,2024,2,Sid. siderea,6
SR30 S,2024,2,Sid. radians,0
SR30 S,2024,2,Stephanocoenia,0
SR30 S,2024,2,tot colonies,49
SR30 C,2024,1,Ag. agaricites,7
SR30 C,2024,1,Ag. tenufolia,0
SR30 C,2024,1,Ag fragilis,0
SR30 C,2024,1,Ag humilis,0
SR30 C,2024,1,Colpo. natans,0
SR30 C,2024,1,Dichocoenia ,1
SR30 C,2024,1,Dipl. clivosa,0
SR30 C,2024,1,Dipl. labyrinth.,0
SR30 C,2024,1,Dipl. strigosa,1
SR30 C,2024,1,Eusmilia fast.,0
SR30 C,2024,1,Favia fragum,0
SR30 C,2024,1,Isophyllia,0
SR30 C,2024,1,Helio cuc.,0
SR30 C,2024,1,Madracis mir.,0
SR30 C,2024,1,Madracis decac.,0
SR30 C,2024,1,Meandrina mea.,0
SR30 C,2024,1,M. cavernosa,1
SR30 C,2024,1,O. faveolata,1
SR30 C,2024,1,O. franksi,0
SR30 C,2024,1,O. annularis,1
SR30 C,2024,1,Mycetophyllia,0
SR30 C,2024,1,Orbicella,0
SR30 C,2024,1,P. astreoides,32
SR30 C,2024,1,P. porites,4
SR30 C,2024,1,P. furcata,0
SR30 C,2024,1,Sid. siderea,6
SR30 C,2024,1,Sid. radians,0
SR30 C,2024,1,Stephanocoenia,3
SR30 C,2024,1,tot colonies,57
SR30 C,2024,2,Ag. agaricites,11
SR30 C,2024,2,Ag. tenufolia,0
SR30 C,2024,2,Ag fragilis,0
SR30 C,2024,2,Ag humilis,0
SR30 C,2024,2,Colpo. natans,0
SR30 C,2024,2,Dichocoenia ,0
SR30 C,2024,2,Dipl. clivosa,0
SR30 C,2024,2,Dipl. labyrinth.,0
SR30 C,2024,2,Dipl. strigosa,2
SR30 C,2024,2,Eusmilia fast.,0
SR30 C,2024,2,Favia fragum,0
SR30 C,2024,2,Isophyllia,0
SR30 C,2024,2,Helio cuc.,0
SR30 C,2024,2,Madracis mir.,0
SR30 C,2024,2,Madracis decac.,0
SR30 C,2024,2,Meandrina mea.,0
SR30 C,2024,2,M. cavernosa,7
SR30 C,2024,2,O. faveolata,3
SR30 C,2024,2,O. franksi,0
SR30 C,2024,2,O. annularis,4
SR30 C,2024,2,Mycetophyllia,0
SR30 C,2024,2,Orbicella,0
SR30 C,2024,2,P. astreoides,0
SR30 C,2024,2,P. porites,6
SR30 C,2024,2,P. furcata,0
SR30 C,2024,2,Sid. siderea,11
SR30 C,2024,2,Sid. radians,0
SR30 C,2024,2,Stephanocoenia,4
SR30 C,2024,2,tot colonies,48
SR30 N,2024,1,Ag. agaricites,8
SR30 N,2024,1,Ag. tenufolia,7
SR30 N,2024,1,Ag fragilis,2
SR30 N,2024,1,Ag humilis,0
SR30 N,2024,1,Colpo. natans,0
SR30 N,2024,1,Dichocoenia ,0
SR30 N,2024,1,Dipl. clivosa,0
SR30 N,2024,1,Dipl. labyrinth.,0
SR30 N,2024,1,Dipl. strigosa,3
SR30 N,2024,1,Eusmilia fast.,0
SR30 N,2024,1,Favia fragum,0
SR30 N,2024,1,Isophyllia,0
SR30 N,2024,1,Helio cuc.,0
SR30 N,2024,1,Madracis mir.,0
SR30 N,2024,1,Madracis decac.,0
SR30 N,2024,1,Meandrina mea.,0
SR30 N,2024,1,M. cavernosa,0
SR30 N,2024,1,O. faveolata,3
SR30 N,2024,1,O. franksi,0
SR30 N,2024,1,O. annularis,2
SR30 N,2024,1,Mycetophyllia,0
SR30 N,2024,1,Orbicella,0
SR30 N,2024,1,P. astreoides,22
SR30 N,2024,1,P. porites,4
SR30 N,2024,1,P. furcata,0
SR30 N,2024,1,Sid. siderea,12
SR30 N,2024,1,Sid. radians,0
SR30 N,2024,1,Stephanocoenia,1
SR30 N,2024,1,tot colonies,64
SR30 N,2024,2,Ag. agaricites,8
SR30 N,2024,2,Ag. tenufolia,3
SR30 N,2024,2,Ag fragilis,0
SR30 N,2024,2,Ag humilis,7
SR30 N,2024,2,Colpo. natans,0
SR30 N,2024,2,Dichocoenia ,0
SR30 N,2024,2,Dipl. clivosa,0
SR30 N,2024,2,Dipl. labyrinth.,0
SR30 N,2024,2,Dipl. strigosa,1
SR30 N,2024,2,Eusmilia fast.,0
SR30 N,2024,2,Favia fragum,0
SR30 N,2024,2,Isophyllia,0
SR30 N,2024,2,Helio cuc.,0
SR30 N,2024,2,Madracis mir.,0
SR30 N,2024,2,Madracis decac.,0
SR30 N,2024,2,Meandrina mea.,0
SR30 N,2024,2,M. cavernosa,2
SR30 N,2024,2,O. faveolata,0
SR30 N,2024,2,O. franksi,2
SR30 N,2024,2,O. annularis,0
SR30 N,2024,2,Mycetophyllia,0
SR30 N,2024,2,Orbicella,0
SR30 N,2024,2,P. astreoides,9
SR30 N,2024,2,P. porites,7
SR30 N,2024,2,P. furcata,0
SR30 N,2024,2,Sid. siderea,10
SR30 N,2024,2,Sid. radians,0
SR30 N,2024,2,Stephanocoenia,1
SR30 N,2024,2,tot colonies,50
SR disease,2024,1,Ag. agaricites,15
SR disease,2024,1,Ag. tenufolia,0
SR disease,2024,1,Ag fragilis,0
SR disease,2024,1,Ag humilis,5
SR disease,2024,1,Colpo. natans,0
SR disease,2024,1,Dichocoenia ,0
SR disease,2024,1,Dipl. clivosa,0
SR disease,2024,1,Dipl. labyrinth.,0
SR disease,2024,1,Dipl. strigosa,1
SR disease,2024,1,Eusmilia fast.,0
SR disease,2024,1,Favia fragum,0
SR disease,2024,1,Isophyllia,0
SR disease,2024,1,Helio cuc.,0
SR disease,2024,1,Madracis mir.,0
SR disease,2024,1,Madracis decac.,0
SR disease,2024,1,Meandrina mea.,0
SR disease,2024,1,M. cavernosa,0
SR disease,2024,1,O. faveolata,2
SR disease,2024,1,O. franksi,0
SR disease,2024,1,O. annularis,0
SR disease,2024,1,Mycetophyllia,0
SR disease,2024,1,Orbicella,0
SR disease,2024,1,P. astreoides,50
SR disease,2024,1,P. porites,5
SR disease,2024,1,P. furcata,0
SR disease,2024,1,Sid. siderea,13
SR disease,2024,1,Sid. radians,0
SR disease,2024,1,Stephanocoenia,2
SR disease,2024,1,tot colonies,93
SR disease,2024,2,Ag. agaricites,14
SR disease,2024,2,Ag. tenufolia,0
SR disease,2024,2,Ag fragilis,2
SR disease,2024,2,Ag humilis,0
SR disease,2024,2,Colpo. natans,0
SR disease,2024,2,Dichocoenia ,0
SR disease,2024,2,Dipl. clivosa,0
SR disease,2024,2,Dipl. labyrinth.,0
SR disease,2024,2,Dipl. strigosa,1
SR disease,2024,2,Eusmilia fast.,0
SR disease,2024,2,Favia fragum,0
SR disease,2024,2,Isophyllia,0
SR disease,2024,2,Helio cuc.,0
SR disease,2024,2,Madracis mir.,0
SR disease,2024,2,Madracis decac.,0
SR disease,2024,2,Meandrina mea.,0
SR disease,2024,2,M. cavernosa,9
SR disease,2024,2,O. faveolata,0
SR disease,2024,2,O. franksi,0
SR disease,2024,2,O. annularis,1
SR disease,2024,2,Mycetophyllia,0
SR disease,2024,2,Orbicella,0
SR disease,2024,2,P. astreoides,40
SR disease,2024,2,P. porites,0
SR disease,2024,2,P. furcata,0
SR disease,2024,2,Sid. siderea,21
SR disease,2024,2,Sid. radians,0
SR disease,2024,2,Stephanocoenia,6
SR disease,2024,2,tot colonies,94
CBC30 N,2024,1,Ag. agaricites,1
CBC30 N,2024,1,Ag. tenufolia,0
CBC30 N,2024,1,Ag fragilis,0
CBC30 N,2024,1,Ag humilis,0
CBC30 N,2024,1,Colpo. natans,0
CBC30 N,2024,1,Dichocoenia ,1
CBC30 N,2024,1,Dipl. clivosa,0
CBC30 N,2024,1,Dipl. labyrinth.,1
CBC30 N,2024,1,Dipl. strigosa,0
CBC30 N,2024,1,Eusmilia fast.,0
CBC30 N,2024,1,Favia fragum,0
CBC30 N,2024,1,Isophyllia,0
CBC30 N,2024,1,Helio cuc.,0
CBC30 N,2024,1,Madracis mir.,0
CBC30 N,2024,1,Madracis decac.,0
CBC30 N,2024,1,Meandrina mea.,0
CBC30 N,2024,1,M. cavernosa,1
CBC30 N,2024,1,O. faveolata,5
CBC30 N,2024,1,O. franksi,0
CBC30 N,2024,1,O. annularis,0
CBC30 N,2024,1,Mycetophyllia,0
CBC30 N,2024,1,Orbicella,0
CBC30 N,2024,1,P. astreoides,46
CBC30 N,2024,1,P. porites,1
CBC30 N,2024,1,P. furcata,0
CBC30 N,2024,1,Sid. siderea,4
CBC30 N,2024,1,Sid. radians,0
CBC30 N,2024,1,Stephanocoenia,9
CBC30 N,2024,1,tot colonies,69
CBC30 N,2024,2,Ag. agaricites,8
CBC30 N,2024,2,Ag. tenufolia,3
CBC30 N,2024,2,Ag fragilis,0
CBC30 N,2024,2,Ag humilis,0
CBC30 N,2024,2,Colpo. natans,0
CBC30 N,2024,2,Dichocoenia ,0
CBC30 N,2024,2,Dipl. clivosa,0
CBC30 N,2024,2,Dipl. labyrinth.,1
CBC30 N,2024,2,Dipl. strigosa,0
CBC30 N,2024,2,Eusmilia fast.,0
CBC30 N,2024,2,Favia fragum,0
CBC30 N,2024,2,Isophyllia,0
CBC30 N,2024,2,Helio cuc.,0
CBC30 N,2024,2,Madracis mir.,0
CBC30 N,2024,2,Madracis decac.,0
CBC30 N,2024,2,Meandrina mea.,0
CBC30 N,2024,2,M. cavernosa,3
CBC30 N,2024,2,O. faveolata,1
CBC30 N,2024,2,O. franksi,0
CBC30 N,2024,2,O. annularis,3
CBC30 N,2024,2,Mycetophyllia,0
CBC30 N,2024,2,Orbicella,0
CBC30 N,2024,2,P. astreoides,31
CBC30 N,2024,2,P. porites,7
CBC30 N,2024,2,P. furcata,0
CBC30 N,2024,2,Sid. siderea,13
CBC30 N,2024,2,Sid. radians,0
CBC30 N,2024,2,Stephanocoenia,4
CBC30 N,2024,2,tot colonies,74
CBC30 C,2024,1,Ag. agaricites,6
CBC30 C,2024,1,Ag. tenufolia,1
CBC30 C,2024,1,Ag fragilis,0
CBC30 C,2024,1,Ag humilis,0
CBC30 C,2024,1,Colpo. natans,0
CBC30 C,2024,1,Dichocoenia ,1
CBC30 C,2024,1,Dipl. clivosa,0
CBC30 C,2024,1,Dipl. labyrinth.,0
CBC30 C,2024,1,Dipl. strigosa,0
CBC30 C,2024,1,Eusmilia fast.,0
CBC30 C,2024,1,Favia fragum,0
CBC30 C,2024,1,Isophyllia,1
CBC30 C,2024,1,Helio cuc.,0
CBC30 C,2024,1,Madracis mir.,0
CBC30 C,2024,1,Madracis decac.,0
CBC30 C,2024,1,Meandrina mea.,0
CBC30 C,2024,1,M. cavernosa,1
CBC30 C,2024,1,O. faveolata,0
CBC30 C,2024,1,O. franksi,0
CBC30 C,2024,1,O. annularis,0
CBC30 C,2024,1,Mycetophyllia,0
CBC30 C,2024,1,Orbicella,0
CBC30 C,2024,1,P. astreoides,40
CBC30 C,2024,1,P. porites,0
CBC30 C,2024,1,P. furcata,0
CBC30 C,2024,1,Sid. siderea,13
CBC30 C,2024,1,Sid. radians,0
CBC30 C,2024,1,Stephanocoenia,4
CBC30 C,2024,1,tot colonies,67
CBC30 C,2024,2,Ag. agaricites,9
CBC30 C,2024,2,Ag. tenufolia,1
CBC30 C,2024,2,Ag fragilis,0
CBC30 C,2024,2,Ag humilis,1
CBC30 C,2024,2,Colpo. natans,0
CBC30 C,2024,2,Dichocoenia ,0
CBC30 C,2024,2,Dipl. clivosa,0
CBC30 C,2024,2,Dipl. labyrinth.,1
CBC30 C,2024,2,Dipl. strigosa,0
CBC30 C,2024,2,Eusmilia fast.,0
CBC30 C,2024,2,Favia fragum,0
CBC30 C,2024,2,Isophyllia,0
CBC30 C,2024,2,Helio cuc.,0
CBC30 C,2024,2,Madracis mir.,0
CBC30 C,2024,2,Madracis decac.,0
CBC30 C,2024,2,Meandrina mea.,0
CBC30 C,2024,2,M. cavernosa,0
CBC30 C,2024,2,O. faveolata,0
CBC30 C,2024,2,O. franksi,0
CBC30 C,2024,2,O. annularis,2
CBC30 C,2024,2,Mycetophyllia,0
CBC30 C,2024,2,Orbicella,0
CBC30 C,2024,2,P. astreoides,16
CBC30 C,2024,2,P. porites,0
CBC30 C,2024,2,P. furcata,0
CBC30 C,2024,2,Sid. siderea,12
CBC30 C,2024,2,Sid. radians,0
CBC30 C,2024,2,Stephanocoenia,3
CBC30 C,2024,2,tot colonies,45
CBC30 S,2024,1,Ag. agaricites,7
CBC30 S,2024,1,Ag. tenufolia,0
CBC30 S,2024,1,Ag fragilis,0
CBC30 S,2024,1,Ag humilis,0
CBC30 S,2024,1,Colpo. natans,0
CBC30 S,2024,1,Dichocoenia ,0
CBC30 S,2024,1,Dipl. clivosa,0
CBC30 S,2024,1,Dipl. labyrinth.,0
CBC30 S,2024,1,Dipl. strigosa,1
CBC30 S,2024,1,Eusmilia fast.,0
CBC30 S,2024,1,Favia fragum,0
CBC30 S,2024,1,Isophyllia,0
CBC30 S,2024,1,Helio cuc.,0
CBC30 S,2024,1,Madracis mir.,0
CBC30 S,2024,1,Madracis decac.,0
CBC30 S,2024,1,Meandrina mea.,0
CBC30 S,2024,1,M. cavernosa,4
CBC30 S,2024,1,O. faveolata,4
CBC30 S,2024,1,O. franksi,0
CBC30 S,2024,1,O. annularis,0
CBC30 S,2024,1,Mycetophyllia,0
CBC30 S,2024,1,Orbicella,0
CBC30 S,2024,1,P. astreoides,21
CBC30 S,2024,1,P. porites,1
CBC30 S,2024,1,P. furcata,0
CBC30 S,2024,1,Sid. siderea,17
CBC30 S,2024,1,Sid. radians,0
CBC30 S,2024,1,Stephanocoenia,13
CBC30 S,2024,1,tot colonies,68
CBC30 S,2024,2,Ag. agaricites,18
CBC30 S,2024,2,Ag. tenufolia,1
CBC30 S,2024,2,Ag fragilis,0
CBC30 S,2024,2,Ag humilis,8
CBC30 S,2024,2,Colpo. natans,0
CBC30 S,2024,2,Dichocoenia ,0
CBC30 S,2024,2,Dipl. clivosa,0
CBC30 S,2024,2,Dipl. labyrinth.,0
CBC30 S,2024,2,Dipl. strigosa,1
CBC30 S,2024,2,Eusmilia fast.,0
CBC30 S,2024,2,Favia fragum,0
CBC30 S,2024,2,Isophyllia,0
CBC30 S,2024,2,Helio cuc.,0
CBC30 S,2024,2,Madracis mir.,0
CBC30 S,2024,2,Madracis decac.,1
CBC30 S,2024,2,Meandrina mea.,0
CBC30 S,2024,2,M. cavernosa,1
CBC30 S,2024,2,O. faveolata,1
CBC30 S,2024,2,O. franksi,0
CBC30 S,2024,2,O. annularis,0
CBC30 S,2024,2,Mycetophyllia,0
CBC30 S,2024,2,Orbicella,0
CBC30 S,2024,2,P. astreoides,25
CBC30 S,2024,2,P. porites,5
CBC30 S,2024,2,P. furcata,0
CBC30 S,2024,2,Sid. siderea,27
CBC30 S,2024,2,Sid. radians,0
CBC30 S,2024,2,Stephanocoenia,6
CBC30 S,2024,2,tot colonies,94
Southwater,2024,1,Ag. agaricites,15
Southwater,2024,1,Ag. tenufolia,0
Southwater,2024,1,Ag fragilis,0
Southwater,2024,1,Ag humilis,3
Southwater,2024,1,Colpo. natans,0
Southwater,2024,1,Dichocoenia ,0
Southwater,2024,1,Dipl. clivosa,0
Southwater,2024,1,Dipl. labyrinth.,0
Southwater,2024,1,Dipl. strigosa,2
Southwater,2024,1,Eusmilia fast.,0
Southwater,2024,1,Favia fragum,0
Southwater,2024,1,Isophyllia,0
Southwater,2024,1,Helio cuc.,0
Southwater,2024,1,Madracis mir.,0
Southwater,2024,1,Madracis decac.,0
Southwater,2024,1,Meandrina mea.,0
Southwater,2024,1,M. cavernosa,4
Southwater,2024,1,O. faveolata,1
Southwater,2024,1,O. franksi,0
Southwater,2024,1,O. annularis,0
Southwater,2024,1,Mycetophyllia,0
Southwater,2024,1,Orbicella,0
Southwater,2024,1,P. astreoides,36
Southwater,2024,1,P. porites,0
Southwater,2024,1,P. furcata,0
Southwater,2024,1,Sid. siderea,25
Southwater,2024,1,Sid. radians,0
Southwater,2024,1,Stephanocoenia,9
Southwater,2024,1,tot colonies,95
Southwater,2024,2,Ag. agaricites,5
Southwater,2024,2,Ag. tenufolia,1
Southwater,2024,2,Ag fragilis,0
Southwater,2024,2,Ag humilis,9
Southwater,2024,2,Colpo. natans,0
Southwater,2024,2,Dichocoenia ,2
Southwater,2024,2,Dipl. clivosa,0
Southwater,2024,2,Dipl. labyrinth.,0
Southwater,2024,2,Dipl. strigosa,1
Southwater,2024,2,Eusmilia fast.,0
Southwater,2024,2,Favia fragum,0
Southwater,2024,2,Isophyllia,0
Southwater,2024,2,Helio cuc.,0
Southwater,2024,2,Madracis mir.,1
Southwater,2024,2,Madracis decac.,0
Southwater,2024,2,Meandrina mea.,0
Southwater,2024,2,M. cavernosa,4
Southwater,2024,2,O. faveolata,0
Southwater,2024,2,O. franksi,0
Southwater,2024,2,O. annularis,4
Southwater,2024,2,Mycetophyllia,0
Southwater,2024,2,Orbicella,0
Southwater,2024,2,P. astreoides,31
Southwater,2024,2,P. porites,0
Southwater,2024,2,P. furcata,0
Southwater,2024,2,Sid. siderea,12
Southwater,2024,2,Sid. radians,0
Southwater,2024,2,Stephanocoenia,6
Southwater,2024,2,tot colonies,76
CBC Lagoon,2024,1,Ag. agaricites,0
CBC Lagoon,2024,1,Ag. tenufolia,9
CBC Lagoon,2024,1,Ag fragilis,0
CBC Lagoon,2024,1,Ag humilis,2
CBC Lagoon,2024,1,Colpo. natans,0
CBC Lagoon,2024,1,Dichocoenia ,0
CBC Lagoon,2024,1,Dipl. clivosa,0
CBC Lagoon,2024,1,Dipl. labyrinth.,0
CBC Lagoon,2024,1,Dipl. strigosa,3
CBC Lagoon,2024,1,Eusmilia fast.,0
CBC Lagoon,2024,1,Favia fragum,0
CBC Lagoon,2024,1,Isophyllia,0
CBC Lagoon,2024,1,Helio cuc.,0
CBC Lagoon,2024,1,Madracis mir.,0
CBC Lagoon,2024,1,Madracis decac.,0
CBC Lagoon,2024,1,Meandrina mea.,0
CBC Lagoon,2024,1,M. cavernosa,1
CBC Lagoon,2024,1,O. faveolata,0
CBC Lagoon,2024,1,O. franksi,0
CBC Lagoon,2024,1,O. annularis,0
CBC Lagoon,2024,1,Mycetophyllia,0
CBC Lagoon,2024,1,Orbicella,0
CBC Lagoon,2024,1,P. astreoides,43
CBC Lagoon,2024,1,P. porites,11
CBC Lagoon,2024,1,P. furcata,0
CBC Lagoon,2024,1,Sid. siderea,5
CBC Lagoon,2024,1,Sid. radians,0
CBC Lagoon,2024,1,Stephanocoenia,1
CBC Lagoon,2024,1,tot colonies,75
CBC Lagoon,2024,2,Ag. agaricites,6
CBC Lagoon,2024,2,Ag. tenufolia,0
CBC Lagoon,2024,2,Ag fragilis,0
CBC Lagoon,2024,2,Ag humilis,1
CBC Lagoon,2024,2,Colpo. natans,0
CBC Lagoon,2024,2,Dichocoenia ,0
CBC Lagoon,2024,2,Dipl. clivosa,0
CBC Lagoon,2024,2,Dipl. labyrinth.,0
CBC Lagoon,2024,2,Dipl. strigosa,1
CBC Lagoon,2024,2,Eusmilia fast.,0
CBC Lagoon,2024,2,Favia fragum,0
CBC Lagoon,2024,2,Isophyllia,0
CBC Lagoon,2024,2,Helio cuc.,0
CBC Lagoon,2024,2,Madracis mir.,0
CBC Lagoon,2024,2,Madracis decac.,0
CBC Lagoon,2024,2,Meandrina mea.,0
CBC Lagoon,2024,2,M. cavernosa,6
CBC Lagoon,2024,2,O. faveolata,0
CBC Lagoon,2024,2,O. franksi,0
CBC Lagoon,2024,2,O. annularis,0
CBC Lagoon,2024,2,Mycetophyllia,0
CBC Lagoon,2024,2,Orbicella,0
CBC Lagoon,2024,2,P. astreoides,26
CBC Lagoon,2024,2,P. porites,2
CBC Lagoon,2024,2,P. furcata,0
CBC Lagoon,2024,2,Sid. siderea,13
CBC Lagoon,2024,2,Sid. radians,0
CBC Lagoon,2024,2,Stephanocoenia,3
CBC Lagoon,2024,2,tot colonies,58
